"Freq [GHz]","lost_power_fraction [] - g_pillar_position='49.5um'","lost_power_fraction [] - g_pillar_position='62um'","lost_power_fraction [] - g_pillar_position='74.5um'","lost_power_fraction [] - g_pillar_position='87um'","lost_power_fraction [] - g_pillar_position='99.5um'","lost_power_fraction [] - g_pillar_position='112um'","lost_power_fraction [] - g_pillar_position='124.5um'","lost_power_fraction [] - g_pillar_position='137um'","lost_power_fraction [] - g_pillar_position='149.5um'","lost_power_fraction [] - g_pillar_position='162um'","lost_power_fraction [] - g_pillar_position='174.5um'","lost_power_fraction [] - g_pillar_position='187um'","lost_power_fraction [] - g_pillar_position='199.5um'"
1,0.023897280515991,0.0236742815105246,0.0238882972637338,0.0236461890934726,0.0236538229590063,0.0240742293204396,0.0239207183720408,0.024317672351803,0.0239984806159186,0.0244181838420878,0.0240451162576165,0.0242715502932305,0.0243374021607559
1.1,0.0243959132854406,0.0241508212072398,0.0243452997287324,0.0240956638518182,0.024095726666556,0.0245875006428863,0.0244838211618109,0.0248219967085334,0.0244791512512552,0.024931424077394,0.0245341308980296,0.0247790821524187,0.0247880084439445
1.2,0.0248155005163452,0.0245505408019018,0.0247269144726137,0.0244712593715244,0.0244639602176849,0.0250205495736129,0.0249765165816132,0.0252432551517904,0.024885704710874,0.0253665379314417,0.0249486756756452,0.0252106846913524,0.0251635253602775
1.3,0.0251716757132485,0.0248891256935414,0.0250495878971058,0.0247892469188087,0.0247748618772859,0.0253888516552506,0.0254069428642017,0.0255981706994032,0.0252324726688756,0.0257380936962939,0.0253028883189607,0.025580350227662,0.0254812073026787
1.4,0.0254772831489973,0.025179307325395,0.0253263099744725,0.0250624180011169,0.0250412499140324,0.0257052425216621,0.0257834897995129,0.025900404519206,0.0255313578774804,0.0260583566302943,0.0256085938715045,0.0258999162882344,0.0257543662645875
1.5,0.0257426518282831,0.0254312239869482,0.0255672085933502,0.025300706113532,0.0252730605451937,0.0259801196903721,0.0261140246780428,0.0261609717884272,0.0257919846455662,0.0263373714037771,0.0258754233331143,0.0261791129413814,0.0259931850216318
1.6,0.025975999924612,0.0256528750928566,0.0257801388067901,0.0255117879612151,0.025477960331492,0.0262218055854313,0.0264055705499111,0.0263887366438447,0.0260220311368942,0.0265832463266287,0.0261111135653673,0.026425816400872,0.026205433776056
1.7,0.0261838371905227,0.0258505507195525,0.0259711879330544,0.0257015927383938,0.0256618626097313,0.026436927018303,0.0266642241064055,0.0265908500820546,0.0262275880405288,0.0268024812238804,0.0263218394711618,0.0266463532786929,0.0263970481066421
1.8,0.0263713166304438,0.0260291969835083,0.0261450818827669,0.0258747088247659,0.0258293384551883,0.0266307546614033,0.0268951921515651,0.0267730829793503,0.026413481942116,0.0270002734665232,0.0265125185420673,0.0268457894743369,0.0265725761626165
1.9,0.0265425239715922,0.026192711544556,0.0263055018868425,0.0260346991570992,0.0259839343856364,0.0268074864058967,0.0271028799362296,0.026940056872128,0.026583544971348,0.027180779909132,0.0266870687158303,0.0270281800898484,0.0267355177214249
2,0.0267007086438993,0.0263441763881212,0.0264553274742566,0.0261843421982413,0.0261284144382331,0.0269704756145063,0.0272909959888511,0.0270954057107301,0.0267408308803361,0.0273473316060865,0.0268486181404724,0.0271967758708396,0.0268885788595469
2.1,0.0268484650600221,0.026486038690943,0.0265968214959625,0.0263258148334718,0.0262649434384737,0.027122411516421,0.02746265574778,0.0272419115339542,0.0268877845840319,0.0275026057941961,0.026999672207044,0.0273541895418281,0.0270338626358282
2.2,0.0269878737041384,0.0266202504306512,0.0267317706864615,0.0264608309321444,0.0263952255201275,0.0272654603797698,0.0276204759934104,0.0273816445643457,0.0270263737891617,0.0276487619546717,0.0271422450644606,0.0275025280159195,0.0271730119439078
2.3,0.027120610568101,0.02674837591949,0.0268615925306273,0.0265907464385668,0.026520608962191,0.0274013755108104,0.0277666572204246,0.0275161138807171,0.0271581907647946,0.0277875488083712,0.0272779626172796,0.0276434967434531,0.02730731683443
2.4,0.0272480320153183,0.0268716746870559,0.0269874167377821,0.0267166393148108,0.0266421657881019,0.0275315828889191,0.027903053686068,0.0276464155542023,0.0272845310175341,0.0279203882740866,0.0274081430545198,0.0277784818251007,0.0274377954835628
2.5,0.0273712407085599,0.0269911655222583,0.0271101476072612,0.0268393706050503,0.026760752467906,0.0276572479254795,0.0280312320733464,0.0277733605947612,0.0274064542610414,0.0280484413729307,0.0275338598511615,0.0279086146005495,0.0275652555850298
2.6,0.0274911369885531,0.0271076761394749,0.0272305119973818,0.026959631304525,0.0268770564453144,0.0277793276544271,0.0281525201708816,0.0278975722009538,0.0275248318558161,0.0281726600620646,0.0276559911610011,0.0280348225155792,0.0276903411504383
2.7,0.0276084590757361,0.0272218818668454,0.0273490964160446,0.0270779785192917,0.0269916319949695,0.0278986116855052,0.0282680470574331,0.0280195517638712,0.0276403839061825,0.028293828123249,0.0277752586574692,0.0281578692745016,0.0278135683830535
2.8,0.0277238146710375,0.0273343359307783,0.0274663758578291,0.0271948635113568,0.0271049280120209,0.0280157544746016,0.0283787761873664,0.0281397196179058,0.0277537084289781,0.028412593533834,0.0278922581854122,0.028278386628316,0.0279353533254108
2.9,0.0278377059180541,0.0274454932839744,0.0275827363486742,0.0273106535640117,0.0272173096696745,0.0281313008611543,0.0284855326095344,0.0282584384591298,0.0278653044187866,0.0285294941961775,0.0280074840432472,0.0283968996246129,0.0280560332776751
3,0.0279505492214346,0.0275557294514518,0.0276984926676139,0.0274256491149962,0.0273290753896591,0.0282457063579355,0.0285890253702999,0.0283760263113958,0.0279755901900903,0.0286449784726521,0.0281213482947116,0.0285138467342356,0.0281758834704226
3.1,0.0280626910619149,0.0276653555136024,0.0278139023509816,0.0275400972453565,0.0274404702091054,0.0283593533232464,0.0286898659779395,0.0284927638591244,0.0280849180435503,0.0287594216430234,0.0282341961873798,0.0286295959510395,0.0282951301002246
3.2,0.0281744206805037,0.0277746300784334,0.0279291768145073,0.0276542023456171,0.027551696360483,0.0284725638747179,0.0287885836513055,0.0286088990520877,0.0281935860543177,0.0288731391476499,0.0283463185090867,0.0287444577152609,0.0284139605609588
3.3,0.0282859803016557,0.0278837688945895,0.0280444902279368,0.0277681345831451,0.0276629216836067,0.0285856101979992,0.0288856379436648,0.0287246505245127,0.0283018475934776,0.0289863972860287,0.0284579615256369,0.0288586953219376,0.0285325315006283
3.4,0.0283975734118878,0.0279929526056466,0.0281599866269038,0.0278820366472541,0.0277742863417314,0.0286987227482011,0.0289814292224545,0.0288402105446216,0.0284099190533541,0.0290994218917206,0.0285693349997489,0.0289725333304079,0.0286509751829148
3.5,0.0285093732159044,0.028102334630239,0.0282757876120014,0.0279960300897893,0.0278859099588547,0.0288120988254266,0.0290763044339965,0.0289557483875955,0.0285179869116839,0.0292124060039683,0.0286806190072931,0.0290861641860163,0.0287694049319607
3.6,0.0286215264647047,0.0282120446388627,0.0283919942187858,0.0281102190124594,0.0279978936687318,0.0289259054325887,0.0291705742009362,0.0290714135917795,0.0286262133391159,0.0293255164464216,0.0287919704916826,0.0291997562235519,0.028887919526283
3.7,0.0287341545820057,0.0283221897376325,0.0285086883395283,0.028224691132429,0.0281103212814448,0.0290402792778987,0.0292645116974339,0.0291873349655807,0.0287347366670056,0.0294388946875716,0.0289035239183971,0.0293134542815695,0.0290066040824424
3.8,0.0288473618549765,0.0284328619961445,0.0286259404411198,0.0283395231815113,0.0282232663231106,0.0291553350968823,0.0293583538990598,0.0293036251417329,0.0288436774996147,0.0295526630815064,0.0290153964794659,0.0294273841332503,0.0291255340406711
3.9,0.0289612374455988,0.0285441402435294,0.0287438105115718,0.0284547826612031,0.0283367930331817,0.0292711665619278,0.0294523103125828,0.0294203827860978,0.0289531415553808,0.0296669282010054,0.0291276913396132,0.0295416564626492,0.0292447771850283
4,0.0290758579078994,0.0286560923584001,0.0288623500528439,0.0285705296228047,0.0284509582184138,0.0293878480628928,0.0295465666145754,0.0295376945064112,0.0290632220197534,0.0297817834402907,0.0292404999519799,0.0296563693136638,0.0293643951967193
4.1,0.0291912892774939,0.0287687771577876,0.0289816037051739,0.0286868180970114,0.0285658127714382,0.0295054363307707,0.0296412877411138,0.0296556365490507,0.0291740014949906,0.0298973111638534,0.0293539039554359,0.0297716101008619,0.0294844448785907
4.2,0.0293075888094069,0.0288822459573945,0.0291016105711039,0.0288036972401016,0.0286814029227961,0.0296239721913319,0.0297366205196395,0.0297742762907777,0.0292855536183175,0.0300135844825607,0.029467976730524,0.0298874572627838,0.029604979116525
4.3,0.0294248064255015,0.0289965438614283,0.0292224052940192,0.0289212122504997,0.0287977712830198,0.0297434826995639,0.0298326959177132,0.0298936735383551,0.0293979444063641,0.0301306687228958,0.0295827846762496,0.030003981622826,0.029726047630221
4.4,0.0295429859212473,0.0291117108292182,0.029344018935488,0.0290394050991863,0.0289149577217607,0.029863983808773,0.0299296309702046,0.0300138816522004,0.0295112333731084,0.0302486226428771,0.0296983882581992,0.0301212475105591,0.0298476975554514
4.5,0.0296621659723616,0.0292277825570281,0.0294664796873298,0.0291583151090093,0.0290330001235085,0.0299854835709673,0.0300275304357423,0.0301349485116476,0.0296254744599372,0.0303674994384532,0.0298148428690689,0.0302393136864278,0.0299699738916355
4.6,0.0297823809745131,0.0293447912064527,0.0295898134477044,0.0292779794114519,0.0291519350532097,0.0301079856773201,0.0301264882244861,0.0302569173394454,0.0297407168095657,0.0304873475762262,0.0299321995350971,0.0303582341048751,0.0300929198419944
4.7,0.029903661743373,0.0294627660051802,0.0297140442851644,0.0293984333040127,0.0292717983593509,0.0302314929848822,0.0302265886321744,0.0303798274024207,0.029857005409985,0.0306082114820539,0.0300505054958548,0.0304780585445524,0.030216577068281
4.8,0.0300260360975976,0.0295817337413756,0.029839194810364,0.0295197105271661,0.0293926257358829,0.0303560105992726,0.0303279074095695,0.0305037146039959,0.0299743816300943,0.0307301321098754,0.0301698046798673,0.0305988331290787,0.0303409858779115
4.9,0.0301495293434186,0.0297017191692859,0.0299652864716076,0.0296418434763545,0.0295144532559486,0.0304815481290896,0.0304305126916149,0.030628611982896,0.0300928836649606,0.0308531474109455,0.0302901380945651,0.0307206007576331,0.0304661853578248
5,0.0302741646764638,0.0298227453406725,0.0300923397876356,0.0297648633616941,0.0296373178779003,0.030608120885738,0.0305344658066901,0.0307545501307933,0.0302125469056899,0.0309772927201924,0.030411544145781,0.0308434014612413,0.0305922134667452
5.1,0.030399963513817,0.0299448338742647,0.0302203745287284,0.0298888003257744,0.0297612579040826,0.0307357500164792,0.0306398219830986,0.0308815575403111,0.0303334042463441,0.0311026010736574,0.0305340588993503,0.030967272697797,0.0307191070952173
5.2,0.0305269457672664,0.0300680051733982,0.0303494098553276,0.0300136835280596,0.0298863133415067,0.0308644617553673,0.0307466309672314,0.0310096608933106,0.0304554863383469,0.0312291034685797,0.0306577162951703,0.0310922495966126,0.0308469021009883
5.3,0.0306551300669494,0.0301922786004056,0.030479464421823,0.0301395412028658,0.0300125260664178,0.0309942860986411,0.0308549375656037,0.0311388852982184,0.0305788218010868,0.0313568290758498,0.0307825483222875,0.0312183651613598,0.0309756333258461
5.4,0.030784533943151,0.0303176726148977,0.0306105564518615,0.0302664006966412,0.0301399396296859,0.0311252552383298,0.0309647821211323,0.0312692544839814,0.0307034373960514,0.0314858054129175,0.0309085851620778,0.0313456504387724,0.0311053345987887
5.5,0.0309151739728603,0.0304442048819917,0.0307427037904896,0.0303942884891946,0.0302685984621188,0.0312574020368928,0.0310762009324305,0.0314007909572222,0.0308293581706178,0.0316160584839362,0.031035855305393,0.0314741346591588,0.0312360387294454
5.6,0.0310470658966381,0.0305718923555722,0.0308759239375401,0.0305232302027189,0.0303985461708675,0.0313907587329162,0.0311892266236551,0.0315335161283027,0.0309566075766557,0.0317476128928394,0.031164385648484,0.0316038453537477,0.0313677774948321
5.7,0.0311802247105665,0.0307007513408876,0.0310102340659509,0.0306532506016923,0.0305298226134944,0.0315253559696,0.0313038884712715,0.0316674504112038,0.0310852075682967,0.0318804919341053,0.0312942015717241,0.0317348084530091,0.031500581621902
5.8,0.0313146647373094,0.0308307975400901,0.0311456510280684,0.0307843735861831,0.030662459587826,0.0316612221581942,0.0314202126933002,0.0318026133014515,0.0312151786824918,0.0320147176651969,0.0314253270044299,0.0318670483693921,0.0316344807678051
5.9,0.0314503996797325,0.0309620460838277,0.0312821913525138,0.0309166221805927,0.0307964753952078,0.031798383137307,0.0315382227057088,0.0319390234357387,0.0313465401054315,0.0321503109640378,0.0315577844784926,0.0320005880672888,0.0317695034993101
6,0.0315874556062994,0.0310945236187305,0.0314198825598937,0.0310500299785723,0.0309318825645636,0.031936875186587,0.0316579562624736,0.0320767112049065,0.0314793236956112,0.0322873053571296,0.0316916086336365,0.0321354622743937,0.0319056888136195
6.1,0.031725832370898,0.031228232376394,0.0315587294658629,0.0311846071406586,0.0310686432326438,0.0320767060644996,0.0317794152341783,0.0322156813934839,0.0316135324215971,0.0324257060448378,0.0318268062309914,0.0322716784419255,0.0320430519805742
6.2,0.0318655419910097,0.0313631858440799,0.0316987475330217,0.0313203739470469,0.0312067105719809,0.0322178937741368,0.0319026158411056,0.0323559502594085,0.0317491816771381,0.0325655305712848,0.0319633958159755,0.0324092554794216,0.0321816181465147
6.3,0.0320065959572469,0.0314993969701507,0.0318399518295172,0.0314573497389898,0.0313460215651507,0.0323604540759797,0.0320275722777927,0.0324975333135919,0.0318862856760862,0.0327067954315104,0.0321013946795024,0.0325482110428542,0.0323214112949822
6.4,0.032149005235951,0.0316368781574069,0.0319823570039677,0.0315955529034162,0.0314865086465577,0.0325044007219724,0.0321542968558068,0.0326404453265689,0.0320248574791347,0.0328495160878371,0.0322408188822182,0.0326885615684535,0.0324624542341015
6.5,0.0322927802667445,0.0317756412531052,0.0321259772592695,0.0317350008588131,0.0316281135407986,0.0326497456854581,0.0322828001313869,0.0327847003300346,0.0321649090168165,0.0329937069825713,0.0323816832762458,0.0328303223029087,0.0326047685865876
6.6,0.032437930956133,0.0319156975366107,0.0322708263259679,0.0318757100427184,0.0317707987431497,0.0327964993734306,0.0324130910197103,0.0329303116144845,0.0323064511096265,0.0331393815479392,0.0325240015251115,0.0329735073306556,0.0327483747824381
6.7,0.0325844666681455,0.0320570577054144,0.0324169174356675,0.0320176959010409,0.0319145530632493,0.0329446708142344,0.0325451768973184,0.0330772917239349,0.0324494934859796,0.0332865522140353,0.0326677861223498,0.0331181295988444,0.0328932920543166
6.8,0.0327323962127952,0.0321997318601812,0.0325642632949326,0.0321609728793574,0.0320593904129706,0.0330942678183198,0.0326790636940296,0.0332256524485916,0.0325940447985865,0.0334352304153753,0.0328130484092169,0.0332642009404382,0.0330395384355578
6.9,0.0328817278330517,0.0323437294893309,0.0327128760599728,0.0323055544162576,0.0322053436973094,0.0332452971125024,0.032814755975551,0.033375404816163,0.0327401126397099,0.0335854265966022,0.0329597985918319,0.0334117320958351,0.0331871307607258
7,0.0330324691908905,0.0324890594535891,0.0328627673123831,0.032451452938785,0.0323524568120256,0.0333977644497514,0.0329522570178104,0.0335265590824062,0.0328877035557099,0.0337371502177171,0.0331080457580084,0.0335607327333193,0.033336084668568
7.1,0.0331846273529041,0.0326357299708594,0.0330139480361052,0.0325986798599284,0.0325007772901506,0.0335516746973608,0.033091568873951,0.0336791247213979,0.0330368230611653,0.0338904097591728,0.0332577978939525,0.033711211468591,0.0334864146072529
7.2,0.0333382087758637,0.032783748601698,0.0331664285957794,0.0327472455781501,0.0326503509288144,0.0337070319065547,0.0332326924347972,0.0338331104159226,0.0331874756528265,0.0340452127270907,0.033409061900995,0.0338631758835547,0.0336381338417206
7.3,0.0334932192925583,0.0329331222356044,0.0333202187165517,0.0328971594788528,0.0328012186207316,0.0338638393665601,0.0333756274835265,0.0339885240482995,0.033339664823582,0.0342015656587924,0.0335618436124437,0.0340166325445513,0.0337912544629815
7.4,0.0336496640981768,0.0330838570783219,0.0334753274654059,0.0330484299377209,0.0329534149829948,0.0340220996459136,0.0335203727451953,0.034145372691916,0.0334933930765903,0.0343594741287944,0.0337161478106466,0.0341715870201298,0.0339457873992071
7.5,0.0338075477374494,0.0332359586402583,0.0336317632340729,0.0332010643258113,0.0331069681851751,0.0341818146234667,0.033666925931679,0.0343036626036423,0.033648661939688,0.0345189427553889,0.0338719782442936,0.0343280438984681,0.034101742428445
7.6,0.0339668740927008,0.0333894317261467,0.0337895337234955,0.0333550690162985,0.0332619004428768,0.0343429855111868,0.0338152837825715,0.0344633992173193,0.0338054719801367,0.0346799752078618,0.0340293376459994,0.0344860068045146,0.0342591281927841
7.7,0.0341276463729607,0.0335442804260033,0.0339486459298693,0.0335104493927536,0.0334182287963565,0.0345056128705662,0.0339654421024685,0.0346245871383955,0.0339638228197688,0.0348425742144274,0.0341882277501802,0.0346454784169057,0.0344179522138332
7.8,0.03428986710422,0.0337005081074351,0.0341091061322169,0.0336672098588302,0.0335759659432783,0.0346696966240969,0.0341173957950665,0.0347872301398198,0.0341237131505729,0.0350067415708821,0.0343486493111995,0.0348064604847063,0.0345782209093381
7.9,0.0344535381208963,0.0338581174093157,0.0342709198814647,0.0338253538492495,0.0337351210060604,0.0348352360630562,0.0342711388944455,0.0349513311592243,0.0342851407507122,0.0351724781499942,0.0345106021217991,0.0349689538439946,0.0347399396108251
8,0.0346186605585594,0.0340171102368621,0.0344340919909997,0.0339848838419603,0.0338957001850747,0.0350022298525575,0.0344266645938532,0.0351168922974263,0.0344481025009789,0.035339783911626,0.0346740850317769,0.035132958434319,0.0349031125820935
8.1,0.0347852348479283,0.0341774877580885,0.0345986265286199,0.0341458013713516,0.03405770728865,0.0351706760347029,0.0345839652722963,0.0352839148182627,0.034612594401691,0.0355086579135728,0.0348390959669008,0.0352984733150537,0.0350677430384706
8.2,0.0349532607101661,0.0343392504016431,0.0347645268098648,0.0343081070424183,0.0342211441500915,0.0353405720304348,0.0347430325192009,0.0354523991497333,0.0347786115899919,0.0356790983230763,0.0350056319480061,0.0354654966816352,0.0352338331666866
8.3,0.0351227371534389,0.0345023978560185,0.0349317953926292,0.0344718005457602,0.0343860109493149,0.0355119146406183,0.0349038571573783,0.0356223448864428,0.0349461483575328,0.0358511024289906,0.0351736891102836,0.0356340258817149,0.0354013841452663
8.4,0.0352936695614053,0.034666935844694,0.0351004407944998,0.0346368874605143,0.0345523134495875,0.0356847070976916,0.0350664377785706,0.0357937579411369,0.0351152055496309,0.036024674280768,0.0353432701291783,0.0358040647748377,0.0355704033237952
8.5,0.0354660554657084,0.0348328625424928,0.0352704640507674,0.034803365653747,0.0347200491481767,0.0358589448914568,0.03523076357184,0.0359666362124425,0.0352857757040808,0.0361998093734863,0.0355143693345867,0.0359756089876398,0.0357408899023628
8.6,0.0356398846047363,0.0350001686221519,0.0354418586880487,0.0349712253483569,0.0348892074780532,0.0360346158767379,0.0353968145993042,0.036140969640893,0.0354578432470918,0.0363764947688414,0.0356869728653002,0.036148646033739,0.0359128349724281
8.7,0.0358151531048333,0.0351688508098647,0.0356146241822336,0.0351404627172204,0.035059783901073,0.0362117143637719,0.0355645788013333,0.0363167545135485,0.0356313992504833,0.0365547243525961,0.035861073486705,0.0363231700075613,0.0360862358651257
8.8,0.0359918563804595,0.035338905107926,0.035788759242232,0.035311073103661,0.0352317729836035,0.0363902340474104,0.0357340434485515,0.0364939863144397,0.0358064340342778,0.0367344912018348,0.0360366631770536,0.0364991742356426,0.0362610890106234
8.9,0.0361699891377701,0.0355103268019235,0.0359642618112218,0.0354830510395192,0.0354051684574766,0.0365701680091938,0.0359051951584406,0.0366726597337752,0.0359829371859602,0.0369157876001489,0.0362137331470693,0.0366766512922018,0.0364373899597681
9,0.0363495453791832,0.0356831104692837,0.0361411290688032,0.0356563902634682,0.0355799632674805,0.0367515087200265,0.0360780199113605,0.0368527686780815,0.0361608975798463,0.0370986050531453,0.0363922738595136,0.0368555930145941,0.0366151334056827
9.1,0.0365305184088693,0.0358572499892082,0.0363193574339856,0.0358310837394872,0.0357561496090677,0.0369342480434906,0.0362525030661067,0.0370343062811635,0.0363403033965621,0.0372829343042523,0.0365722750486643,0.037035990518662,0.0367943132052944
9.2,0.0367129008391343,0.0360327385540577,0.0364989425689762,0.0360071236754556,0.0359337189589764,0.0371183772398057,0.0364286293750671,0.0372172649158588,0.0365211421425465,0.0374687653507668,0.0367537257396996,0.0372178342139818,0.0369749224007207
9.3,0.0368966845976041,0.0362095686823165,0.036679879383716,0.0361845015418072,0.0361126621007562,0.0373038869704465,0.0366063829990714,0.0374016362064919,0.0367034006696045,0.0376560874601083,0.0369366142679465,0.0374011138189833,0.0371569532405024
9.4,0.0370818609351802,0.0363877322332657,0.0368621620411165,0.0363632080901929,0.0362929691466314,0.0374907673034011,0.0367857475219963,0.0375874110419816,0.0368870651944252,0.0378448891862272,0.0371209282979954,0.0375858183759719,0.0373403972006251
9.5,0.0372684204347,0.0365672204235795,0.0370457839629603,0.0365432333721227,0.0364746295567573,0.0376790077190642,0.0369667059651858,0.0377745795895277,0.0370721213180625,0.0380351583861498,0.0373066548426393,0.0377719362660175,0.0375252450053128
9.6,0.0374563530202432,0.0367480238460912,0.0372307378364182,0.0367245667575281,0.0366576321566247,0.0378685971167323,0.0371492408017416,0.0379631313088289,0.0372585540453497,0.0382268822365983,0.0374937802816344,0.0379594552237416,0.0377114866475654
9.7,0.0376456479670378,0.0369301324911298,0.0374170156211551,0.0369071969532358,0.0368419651531613,0.0380595238216797,0.0373333339707194,0.038153054966755,0.037446347804207,0.038420047250679,0.0376822903802662,0.0381483623519767,0.0378991114094164
9.8,0.0378362939119089,0.0371135357708427,0.037604608556983,0.0370911120212982,0.0370276161499145,0.038251775592781,0.0375189668912781,0.0383443386524396,0.0376354864648339,0.0386146392945848,0.0378721703076922,0.0383386441363152,0.038088107881902
9.9,0.0380282788642244,0.0372982225471589,0.0377935071720234,0.0372762993971648,0.0372145721615964,0.0384453396306441,0.0377061204768088,0.0385369697927245,0.0378259533587484,0.0388106436042923,0.0380634046550756,0.0385302864595431,0.0382784639847009
10,0.0382215902172774,0.037484181164148,0.0379837012913683,0.0374627459076884,0.0374028196281825,0.0386402025862307,0.0378947751490536,0.0387309351678976,0.0380177312976696,0.039008044802234,0.0382559774534747,0.0387232746159501,0.0384701669854751
10.1,0.0384162147600793,0.0376713994857878,0.0381751800461802,0.0376504377889001,0.0375923444286922,0.0388363505699146,0.0380849108522674,0.0389262209277077,0.0382108025922111,0.0392068269139054,0.0384498721914889,0.038917593325535,0.0386632035188578
10.2,0.038612138689499,0.037859864940413,0.0383679318832316,0.0378393607035884,0.03778313189476,0.0390337691609513,0.0382765070673871,0.0391228126075638,0.0384051490703675,0.0394069733843941,0.0386450718326585,0.0391132267481009,0.0388575596051135
10.3,0.0388093476227193,0.0380495645734318,0.0385619445748504,0.0380294997586369,0.0379751668240322,0.0392324434173252,0.0384695428262623,0.0393206951449233,0.0386007520957964,0.0396084670948109,0.0388415588326084,0.0393101584972296,0.0390532206684538
10.4,0.0390078266099631,0.0382404851102647,0.0387572052292381,0.0382208395221095,0.038168433493451,0.0394323578859304,0.0386639967259207,0.0395198528957883,0.0387975925858616,0.039811290378597,0.039039315155915,0.0395083716541632,0.0392501715550044
10.5,0.0392075601474616,0.0384326130318216,0.0389537003011514,0.0384133640400851,0.0383629156724362,0.0396334966130635,0.0388598469428671,0.0397202696513056,0.0389956510294355,0.0400154250377016,0.0392383222927356,0.0397078487815727,0.0394483965504235
10.6,0.0394085321906112,0.0386259346651358,0.0391514156029265,0.0386070568532308,0.0385585966359817,0.0398358431552001,0.0390570712474238,0.0399219286544,0.0391949075044495,0.0402208523586097,0.0394385612751343,0.0399085719372305,0.0396478793971814
10.7,0.0396107261673122,0.0388204362918568,0.0393503363158166,0.0388019010130978,0.0387554591776673,0.0400393805899953,0.0392556470180836,0.0401248126164522,0.039395341695187,0.0404275531281964,0.039640012693167,0.0401105226875859,0.0398486033114864
10.8,0.0398141249914314,0.0390161042768151,0.0395504470016373,0.0389978790981457,0.0389534856225986,0.0402440915275232,0.0394555512558679,0.0403289037339456,0.0395969329092971,0.0406355076494281,0.0398426567106804,0.0403136821212455,0.0400505509998805
10.9,0.040018722541005,0.0392129363939723,0.0397517429625771,0.0391949839935142,0.0391526688932625,0.0404499692743338,0.0396567731638032,0.0405341951784296,0.0397996710239834,0.0408447076509159,0.0400464843743126,0.0405180423300074,0.0402537163218442
11,0.0402244889214594,0.039410908222584,0.0399541958786664,0.0393931862540058,0.0393529789979268,0.0406569840271317,0.0398592760034589,0.0407406563229768,0.0400035232964674,0.0410551202152222,0.0402514633441589,0.0407235716296321,0.0404580690066399
11.1,0.0404314055732976,0.0396100073485154,0.0401577885099092,0.0395924671205413,0.0395543969212222,0.0408651170504379,0.0400630357201827,0.0409482679060947,0.040208467995021,0.0412667242738485,0.0404575725872042,0.0409302497431803,0.0406635903153586
11.2,0.0406394534781779,0.0398102220791465,0.040362503046635,0.0397928074228153,0.0397569032306338,0.0410743491881748,0.0402680279393175,0.0411570102179988,0.0404144830771378,0.0414794983357779,0.0406647907052837,0.041138055969424,0.040870261063039
11.3,0.0408486131726685,0.0400115415047632,0.0405683211224467,0.0399941875939396,0.0399604780889927,0.041284660875593,0.0404742279801544,0.0413668631168266,0.0406215462051096,0.0416934205021795,0.0408730959495429,0.0413469691959142,0.0410780616336157
11.4,0.0410588647619823,0.0402139553663358,0.0407752238273741,0.0401965876847937,0.0401651012668386,0.0414960321512685,0.0406816108696787,0.0415778060447257,0.0408296347613202,0.0419084684808974,0.0410824662346337,0.0415569679119823,0.0412869719945846
11.5,0.0412701879336992,0.0404174535447824,0.0409831917212393,0.040399987378119,0.0403707521546916,0.041708442669154,0.0408901513560711,0.0417898180437719,0.0410387258632413,0.0421246196007374,0.041292879152668,0.0417680302216718,0.0414969717113591
11.6,0.0414825619714279,0.0406220248903477,0.0411922048472195,0.0406043660023427,0.0405774097751967,0.0419218717106704,0.0410998239219235,0.0420028777717152,0.0412487963781338,0.0423418508255404,0.0415043119869119,0.0419801338566183,0.0417080399613518
11.7,0.0416959657684222,0.0408276550297215,0.041402242745594,0.0408097025451506,0.0407850527951698,0.0421362981968076,0.0413106027970813,0.0422169635175458,0.0414598229374593,0.0425601387680457,0.0417167417252405,0.042193256188857,0.0419201555477769
11.8,0.041910377841112,0.0410343228300386,0.041613284467665,0.041015975666797,0.0409936595375186,0.0423517007002451,0.0415224619710817,0.0424320532168452,0.0416717819509887,0.042779459703551,0.0419301450733646,0.0424073742435892,0.0421332969131867
11.9,0.0421257763425617,0.0412419955732616,0.0418253085898505,0.0412231637131835,0.0412032079930569,0.0425680574574472,0.0417353752051013,0.0426481244669687,0.0418846496206362,0.0429997895833659,0.0421444984678073,0.0426224647118958,0.0423474421527523
12,0.0423421390758311,0.041450623855615,0.0420382932279265,0.0414312447286815,0.0414136758321942,0.0427853463807592,0.0419493160433503,0.0428651545419715,0.0420984019539917,0.0432211040480705,0.042359778088676,0.0428385039633965,0.0425625690272958
12.1,0.042559443507218,0.04166013874443,0.0422522160514284,0.0416401964687287,0.0416250404165232,0.0430035450704462,0.0421642578238293,0.0430831204073531,0.0423130147775735,0.04344337844057,0.042575959872197,0.0430554680588773,0.0427786549760801
12.2,0.0427776667794078,0.0418704548713968,0.0424670542981774,0.0418499964122017,0.0418372788102843,0.0432226308267199,0.0423801736883854,0.0433019987345562,0.0425284637497952,0.0436665878189614,0.0427930195230543,0.0432733327628641,0.042995677129381
12.3,0.0429967857244858,0.042081481943803,0.0426827847889565,0.0420606217735563,0.0420503677917215,0.043442580661688,0.0425970365919575,0.0435217659152531,0.0427447243736574,0.0438907069692186,0.0430109325265112,0.043492073556178,0.0432136123208254
12.4,0.0432167768768277,0.0422931423910758,0.0428993839422911,0.0422720495147718,0.0422642838643327,0.043663371311263,0.0428148193109368,0.0437423980753836,0.0429617720091545,0.0441157104176896,0.0432296741603369,0.0437116656484326,0.0434324370995239
12.5,0.0434376164858605,0.0425053872058647,0.0431168277893609,0.0424842563570715,0.0424790032680088,0.0438849792469949,0.0430334944505476,0.0439638710889821,0.043179581885422,0.0443415724434262,0.0434492195065494,0.0439320839905165,0.0436521277420064
12.6,0.0436592805286739,0.0427182013795225,0.0433350919890068,0.0426972187924587,0.0426945019900676,0.0441073806878395,0.0432530344511357,0.0441861605917594,0.043398129112607,0.0445682670903449,0.0436695434629601,0.0441533032870418,0.0438726602639558
12.7,0.0438817447225038,0.0429315967601141,0.0435541518428417,0.0429109130950505,0.0429107557761964,0.0443305516118391,0.0434734115932762,0.0444092419944486,0.0436173886934739,0.0447957681792295,0.0438906207545528,0.0443752980087547,0.0440940104317618
12.8,0.0441049845370576,0.0431455978985339,0.0437739823104533,0.0431253153322339,0.0431277401412863,0.0445544677677253,0.0436945980015797,0.0446330904959294,0.043837335534766,0.0450240493195781,0.04411242594469,0.0445980424049351,0.0443161537738974
12.9,0.0443289752066964,0.0433602286863565,0.0439945580246827,0.0433404013756423,0.0433454303801725,0.0447791046864404,0.0439165656470885,0.0448576810961079,0.0440579444582916,0.0452530839213132,0.044334933446149,0.0448215105157594,0.0445390655921228
13,0.0445536917424745,0.0435755042693841,0.044215853306991,0.0435561469119574,0.0435638015782897,0.0450044376925493,0.0441392863481483,0.0450829886085803,0.0442791902117812,0.0454828452063428,0.0445581175320141,0.0450456761846404,0.0447627209725352
13.1,0.0447791089440074,0.043791428430667,0.044437842182874,0.0437725274535495,0.0437828286222392,0.0452304419155744,0.0443627317696373,0.0453089876730584,0.0445010474794926,0.0457133062200136,0.0447819523464097,0.045270513070546,0.044987094796456
13.2,0.0450052014112087,0.0440079944691337,0.0446604983973553,0.0439895183489681,0.0440024862102671,0.0454570923012273,0.0445868734204189,0.0455356527675808,0.0447234908925728,0.0459444398424172,0.0450064119150932,0.0454959946602983,0.0452121617511824
13.3,0.0452319466143056,0.0442251904890817,0.0448837984406313,0.0442070975413517,0.0442227517029956,0.0456843665419247,0.0448116857801403,0.045762961233025,0.0449464976631685,0.0461762218286586,0.0452314729622777,0.0457220971789713,0.0454378994875276
13.4,0.0454593184143771,0.0444429955548376,0.0451077151539479,0.0444252397206985,0.0444435990809079,0.0459122388806842,0.0450371396121657,0.0459908868857358,0.0451700419790557,0.0464086243645164,0.045457108929376,0.0459487934170858,0.0456642819638455
13.5,0.0456872876943057,0.0446613822492453,0.0453322183891768,0.0446439169339302,0.0446649995714229,0.0461406807326652,0.0452632026475474,0.0462194006498323,0.0453940956252176,0.04664161673683,0.0456832906148121,0.0461760533879116,0.0458912800737347
13.6,0.0459158283653893,0.0448803240497165,0.0455572809194841,0.0448631039730396,0.0448869272187903,0.0463696664149865,0.0454898457003214,0.0464484764714605,0.0456186331193857,0.0468751712727049,0.0459099916723254,0.0464038500090514,0.046118867829156
13.7,0.0461449141959687,0.0450997932261461,0.0457828753161521,0.045082775516837,0.0451093559305483,0.0465991701159717,0.0457170393843985,0.0466780881932976,0.0458436289749739,0.0471092601894858,0.0461371856887083,0.0466321560875236,0.0463470191001726
13.8,0.0463745188222412,0.0453197614570288,0.0460089739642385,0.0453029061406179,0.0453322594875642,0.0468291659057485,0.0459447540977406,0.0469082095654994,0.0460690577101299,0.0473438556055089,0.04636484619367,0.0468609443319036,0.0465757076249506
13.9,0.0466046157589283,0.0455402002020354,0.0462355490782395,0.0455234703257202,0.0455556115540366,0.0470596277467561,0.0461729600039525,0.0471388142564406,0.0462948938565797,0.047578929550811,0.0465929466695996,0.0470901873644339,0.0468049070196469
14,0.046835178409789,0.0457610809164657,0.0464625727177506,0.0457444424689627,0.045779385687411,0.0472905295041417,0.0464016270111954,0.047369875863281,0.0465211119682902,0.0478144539777731,0.046821460561235,0.0473198577331092,0.0470345907882055
14.1,0.0470661800780031,0.0459823751671971,0.046690016803092,0.0459657968919912,0.0460035553482652,0.0475218449560435,0.046630724748356,0.0476013679223442,0.046747686629927,0.0480504007717123,0.0470503612852413,0.0475499279237196,0.0472647323320481
14.2,0.047297593976407,0.0462040546894159,0.0469178531309303,0.0461875078505187,0.0462280939101265,0.0477535478037861,0.0468602225384142,0.0478332639193259,0.0469745924651523,0.0482867417614304,0.0472796222396978,0.0477803703718596,0.0474953049596898
14.3,0.0475293932375926,0.0464260914091159,0.0471460533898556,0.0464095495434695,0.0464529746692468,0.0479856116819605,0.0470900893689964,0.0480655372993284,0.0472018041447335,0.0485234487297309,0.0475092168135073,0.0480111574748954,0.0477262818962507
14.4,0.0477615509238796,0.0466484574468061,0.0473745891759119,0.0466318961220417,0.0466781708543274,0.0482180101684043,0.0473202938601106,0.0482981614767405,0.0474292963944859,0.0487604934239,0.0477391183957258,0.0482422616038899,0.0479576362928929
14.5,0.0479940400371464,0.0468711251117418,0.0476034320080817,0.0468545216986773,0.0469036556362014,0.0484507167940841,0.047550804229121,0.0485311098449553,0.0476570440030575,0.0489978475661602,0.0479693003848121,0.0484736551154733,0.0481893412361787
14.6,0.0482268335285414,0.0470940668921031,0.047832553343711,0.0470774003559524,0.0471294021374672,0.0486837050528678,0.0477815882530275,0.0487643557859389,0.0478850218295469,0.0492354828641125,0.0481997361978128,0.0487053103636705,0.048421369757347
14.7,0.0484599043080701,0.0473172554442461,0.0480619245938628,0.0473005061553915,0.0473553834420853,0.0489169484112154,0.0480126132282376,0.048997872679652,0.0481132048109774,0.0494733710211519,0.0484303992794667,0.0489371997116684,0.0486536948415206
14.8,0.0486932252540593,0.0475406635826402,0.0482915171385916,0.0475238131462176,0.0475815726049338,0.0491504203177565,0.0482438459279782,0.0492316339133489,0.048341567969623,0.0497114837468825,0.0486612631112546,0.049169295543525,0.0488862894368357
14.9,0.0489267692225008,0.0477642642713186,0.0485213023421353,0.0477472953740045,0.0478079426613199,0.049384094212776,0.0484752525576667,0.0494656128907188,0.0485700864201868,0.0499497927675181,0.0488923012203732,0.0494015702758071,0.0491191264635107
15,0.049160509056301,0.0479880306171553,0.0487512515680084,0.0479709268893046,0.0480344666364632,0.0496179435376161,0.0487067987085796,0.0496997830409286,0.048798735376859,0.0501882698362837,0.0491234871886549,0.0496339963691676,0.0493521788228349
15.1,0.0493944175943919,0.0482119358650063,0.0489813361939946,0.0481946817561761,0.0482611175549367,0.0498519417439731,0.0489384493102564,0.0499341178275298,0.0490274901602277,0.0504268867438109,0.0493547946614125,0.0498665463398414,0.0495854194061155
15.2,0.0496284676807669,0.0484359533946064,0.0492115276270256,0.0484185340606711,0.0484878684500679,0.0500860623031085,0.0491701685822011,0.05016859075726,0.049256326204077,0.0506656153285491,0.04958619735624,0.0500991927710668,0.0498188211035309
15.3,0.0498626321734007,0.0486600567190735,0.0494417973179384,0.0486424579192658,0.0487146923733165,0.0503202787149814,0.0494019199855342,0.0504031753887278,0.0494852190620704,0.0509044274871612,0.0498176690717378,0.0503319083244155,0.0500523568129498
15.4,0.0500968839530754,0.0488842194847994,0.0496721167761073,0.0488664274872285,0.0489415624036073,0.0505545645172789,0.0496336661753842,0.0506378453410142,0.049714144414301,0.0511432951849392,0.0500491836961889,0.0505646657510409,0.0502859994486737
15.5,0.050331195932116,0.049108415472554,0.0499024575839353,0.0490904169669452,0.0491684516566394,0.0507888932943728,0.0498653689549369,0.0508725743021558,0.0499430780737576,0.0513821904662278,0.0502807152161725,0.0507974379028235,0.0505197219501279
15.6,0.0505655410630424,0.0493326185996058,0.0501327914112012,0.04931440061619,0.0493953332941482,0.0510232386861969,0.0500969892321903,0.0511073360375582,0.0501719959926677,0.0516210854648412,0.05051223772511,0.0510301977434151,0.0507534972904943
15.7,0.0507998923471306,0.049556802922714,0.0503630900292504,0.0495383527563612,0.0496221805331482,0.0512575743970353,0.0503284869806518,0.0513421043983137,0.05040087426875,0.051859952414511,0.0507437254317681,0.0512629183591887,0.0509872984852815
15.8,0.0510342223780942,0.0497809419553479,0.0505933244324246,0.0497622469727837,0.0498489657971905,0.0514918735983672,0.050559819195087,0.05157685288689,0.0506296883006867,0.052098762845745,0.0509751518278191,0.0514955720642242,0.0512210983292895
15.9,0.0512685042294732,0.0500050102409649,0.0508234669942979,0.0499860580572338,0.0500756627885362,0.0517261102541231,0.0507909450683147,0.0518115554959383,0.0508584148956407,0.0523374895099442,0.0512064917304053,0.0517281326192148,0.0514548697042186
16,0.051502711101777,0.0502289822836933,0.0510534898788609,0.0502097605736305,0.0503022449477316,0.0519602583164398,0.0510218215662986,0.0520461863861121,0.0510870306291948,0.0525761050072446,0.0514377197488688,0.0519605735478396,0.0516885858056209
16.1,0.0517368162781063,0.0504528327452966,0.051283365407258,0.0504333291823075,0.0505286858075591,0.052194291836547,0.0512524046323704,0.052280719836592,0.0513155122467497,0.052814582079884,0.0516688106415574,0.0521928685394643,0.0519222199054418
16.2,0.0519707931323647,0.0506765364506694,0.0515130660710791,0.0506567386480524,0.0507549590021121,0.0524281849731977,0.0514826491917945,0.0525151302530579,0.051543836669348,0.0530528936226556,0.0518997393239902,0.0524249914594533,0.0521557453603201
16.3,0.0522046151374285,0.0509000683935943,0.0517425645454739,0.0508799638480973,0.0509810382758354,0.0526619120010304,0.0517125091707946,0.0527493921756131,0.0517719809994133,0.0532910126933738,0.0521304808769762,0.0526569163593493,0.0523891356198429
16.4,0.052438255873256,0.0511234037426942,0.0519718337020452,0.0511029797800947,0.0512068974925239,0.0528954473188736,0.0519419375321843,0.0529834802866502,0.0519999225264379,0.0535289125233207,0.052361010554645,0.0528886174869073,0.0526223642347402
16.5,0.0526716890349558,0.0513465178475302,0.0522008466215384,0.0513257615700493,0.051432510644304,0.0531287654579881,0.0521708863297978,0.0532173694186831,0.0522276387325904,0.0537665665276952,0.0525913037924161,0.0531200692959773,0.0528554048650373
16.6,0.0529048884408134,0.0515693862448339,0.0524295766063152,0.051548284480235,0.0516578518605637,0.0533618410902489,0.0523993067838869,0.0534510345621242,0.0524551072982705,0.0540039483160498,0.0528213362148923,0.0533512464562294,0.0530882312881505
16.7,0.0531378280402873,0.0517919846648113,0.0526579971925952,0.0517705239170696,0.0518828954168596,0.0535946490362816,0.0526271493795847,0.0536844508730373,0.0526823061075972,0.0542410317027075,0.0530510836436674,0.0535821238627235,0.0533208174069374
16.8,0.0533704819219621,0.052014289037524,0.0528860821624746,0.0519924554389867,0.0521076157437886,0.0538271642735391,0.052854363990348,0.0539175936808472,0.0529092132538429,0.0544777907171662,0.053280522105068,0.053812676645311,0.0535531372576913
16.9,0.0536028243214912,0.052236275499298,0.0531138055557125,0.0522140547642599,0.0523319874358198,0.054059361944331,0.0530809000281111,0.0541504384960217,0.0531358070448182,0.0547141996144652,0.0535096278378063,0.0540428801778639,0.0537851650180934
17,0.0538348296295028,0.0524579203991705,0.053341141681264,0.0524352977788304,0.0525559852600915,0.0542912173638108,0.0533067066214972,0.0543829610177345,0.0533620660081999,0.05495023288554,0.0537383773005403,0.0542727100873353,0.0540168750151213
17.1,0.0540664723995006,0.052679200305341,0.0535680651285919,0.0526561605440898,0.052779584165174,0.0545227060279112,0.0535317328230253,0.0546151371414866,0.0535879688968083,0.0551858652675234,0.0539667471793619,0.0545021422626427,0.0542482417328922
17.2,0.0542977273557512,0.0529000920116326,0.0537945507787047,0.0528766193046648,0.0530027592898055,0.0547538036212472,0.0537559278457103,0.0548469429667272,0.053813494693848,0.0554210717540194,0.0541947143951755,0.0547311528633589,0.0544792398204787
17.3,0.0545285694011579,0.0531205725439375,0.0540205738149535,0.0530966504961718,0.0532254859715732,0.0549844860249772,0.0539792413287882,0.0550783548044459,0.0540386226180854,0.0556558276053252,0.0544222561110015,0.0549597183282313,0.0547098440996672
17.4,0.0547589736251356,0.0533406191666623,0.0542461097335806,0.0533162307529585,0.053447739755574,0.0552147293246277,0.0542016236315558,0.0553093491847468,0.0542633321290062,0.055890108358593,0.0546493497391643,0.0551878153835024,0.0549400295726792
17.5,0.0549889153114989,0.0535602093891492,0.05447113435399,0.0535353369158386,0.0536694964030364,0.0554445098178881,0.0544230261534664,0.0555399028644154,0.0544876029319074,0.0561238898379521,0.0548759729483929,0.0554154210510395,0.0551697714298398
17.6,0.0552183699463356,0.0537793209720798,0.0546956238287658,0.0537539460397962,0.0538907318998996,0.0556738040223713,0.0546434016776834,0.0557699928344735,0.0547114149829655,0.0563571481645382,0.0551021036708137,0.0556425126562686,0.0553990450572146
17.7,0.0554473132259158,0.0539979319338594,0.0549195546534208,0.0539720354016942,0.0541114224653652,0.0559025886833558,0.0548627047343385,0.0559995963277196,0.0549347484942509,0.0565898597664787,0.055327720108832,0.0558690678359202,0.055627826044196
17.8,0.0556757210645966,0.0542160205569806,0.0551429036758866,0.0541895825079651,0.0543315445604095,0.0561308407814973,0.0550808919786931,0.0562286908262695,0.0551575839387165,0.0568220013887775,0.0555528007419165,0.0560950645455529,0.055856090191055
17.9,0.0559035696027664,0.0544335653943595,0.0553656481057195,0.0544065651022927,0.0545510748962579,0.0563585375405184,0.0552979225784817,0.0564572540690885,0.0553799020551387,0.0570535501031237,0.0557773243332528,0.0563204810668985,0.0560838135164563
18,0.0561308352148033,0.0546505452756615,0.0555877655230449,0.0546229611732868,0.0547699904428335,0.056585656434886,0.0555137586036958,0.0566852640595139,0.0556016838530185,0.0572844833176113,0.056001269936307,0.0565452960149854,0.0563109722649329
18.1,0.056357494517062,0.054866939313599,0.0558092338872257,0.0548387489621505,0.0549882684371593,0.0568121751974663,0.0557283654113337,0.0569126990727753,0.0558229106174522,0.0575147787863448,0.0562246169012422,0.0567694883450662,0.056537542914325
18.2,0.0565835211781849,0.0550827238378592,0.0560300281531629,0.055053903779023,0.05520588304732,0.0570380686709097,0.0559417057058804,0.0571395346360809,0.0560435610137876,0.0577444112798221,0.0564473417486814,0.0569930341059824,0.056763499073245
18.3,0.0568088919964887,0.0552978782575991,0.056250126762812,0.0552684040910153,0.0554228117535878,0.0572633148184708,0.0561537521837499,0.0573657492900625,0.0562636166351408,0.0579733589674963,0.0566694241565233,0.0572159126650994,0.0569888173798135
18.4,0.0570335874580726,0.0555123855558139,0.0564695121640751,0.0554822320403124,0.055639035890579,0.0574878952540256,0.056364488506214,0.0575913251050168,0.0564830624434545,0.0582016039446055,0.0568908474477235,0.057438107203682,0.057213478062776
18.5,0.0572575852359218,0.0557262260490742,0.056688163926402,0.0556953669633426,0.0558545338559482,0.0577117888288503,0.0565738967682762,0.0578162415277397,0.0567018808825842,0.0584291254543929,0.0571115922304063,0.057659598113487,0.0574374586147192
18.6,0.0574808632858689,0.0559393803685564,0.0569060620380032,0.0559077884877071,0.0560692843563322,0.0579349746910715,0.0567819639092046,0.0580404783147989,0.0569200546959003,0.0586559031327958,0.0573316394399088,0.0578803661581976,0.057660736798589
18.7,0.0577033998548606,0.0561518294663011,0.0571231869128901,0.0561194765398265,0.0562832664155782,0.0581574322932948,0.0569886818856779,0.0582640155400408,0.0571375669309128,0.0588819170173102,0.0575509703444477,0.0581003924790778,0.057883290654987
18.8,0.0579251734892847,0.0563635546214665,0.0573395193976348,0.0563304113526152,0.0564964593829462,0.0583791414002272,0.0571940477825727,0.0584868336021163,0.0573544009438666,0.0591071475557187,0.0577695665506511,0.0583196586004295,0.0581050985094509
18.9,0.0581461630433565,0.0565745374465964,0.0575550407778744,0.0565405734731419,0.0567088429412867,0.0586000820963368,0.0573980638562662,0.0587089132319853,0.0575705404042784,0.0593315756146539,0.0579874100089574,0.0585381464348366,0.0583261389797156
19,0.0583663476875737,0.0567847598939072,0.0577697327845537,0.0567499437703158,0.0569203971152104,0.0588202347934889,0.0576007375069947,0.0589302355004402,0.0577859692994359,0.0595551824880107,0.0582044830188703,0.0587558382881976,0.0585463909829748
19.1,0.0585857069172416,0.0569942042615864,0.057983577599904,0.0569585034425622,0.0571311022792254,0.0590395802386159,0.057802081178666,0.0591507818256155,0.0580006719388532,0.0597779499051897,0.0584207682340874,0.0589727168645604,0.0587658337431384
19.2,0.0588042205610681,0.0572028532001197,0.0581965578631851,0.0571662340255303,0.0573409391658683,0.0592580995214014,0.0580021121864649,0.0593705339805007,0.0582146329586793,0.0599998600391632,0.0586362486674785,0.0591887652707462,0.0589844467980972
19.3,0.0590218687898457,0.057410689718645,0.058408656676161,0.0573731173997984,0.05754988887382,0.0594757740819799,0.0582008524746516,0.0595894741004429,0.0584278373260553,0.0602208955143741,0.0588509076959305,0.0594039670207757,0.059202210006986
19.4,0.0592386321251992,0.0576176971913455,0.0586198576083507,0.057579135798605,0.0577579328760152,0.0596925857186588,0.0583983283089243,0.0598075846906582,0.0586402703434244,0.060441039414441,0.0590647290650471,0.0596183060400921,0.0594191035574655
19.5,0.0594544914484285,0.0578238593638685,0.0588301447020319,0.0577842718155913,0.0579650530277446,0.0599085165956662,0.0585945699095434,0.0600248486337261,0.0588519176527924,0.0606602752896862,0.0592776968937133,0.0598317666695831,0.0596351079730262
19.6,0.0596694280094255,0.0580291603598069,0.0590395024770129,0.057988508412563,0.0581712315747575,0.0601235492509289,0.0587896110330678,0.060241249197084,0.059062765239932,0.0608785871644539,0.0594897956785102,0.0600443336694187,0.059850204120306
19.7,0.0598834234356917,0.0582335846872126,0.059247915935191,0.0581918289272827,0.0583764511613587,0.0603376666038723,0.0589834885118867,0.0604567700405072,0.0592727994385397,0.0610959595442506,0.0597010102979996,0.060255992222675,0.0600643732164409
19.8,0.0600964597414299,0.0584371172451696,0.0594553705648825,0.058394217081275,0.0585806948385268,0.0605508519632637,0.0591762417617358,0.0606713952235997,0.0594820069343254,0.0613123774226599,0.0599113260168521,0.0604667279387953,0.0602775968364564
19.9,0.0603085193367442,0.0586397433304277,0.0596618523449506,0.0585956569876635,0.0587839460720224,0.0607630890350846,0.0593679122679926,0.0608851092132386,0.0596903747690663,0.0615278262880645,0.0601207284898544,0.0606765268568389,0.0604898569207
20,0.0605195850369189,0.0588414486440994,0.0598673477487262,0.0587961331590412,0.0589861887505324,0.0609743619304362,0.0595585430617826,0.0610978968910495,0.0598978903445784,0.0617422921301481,0.0603292037657561,0.0608853754485623,0.0607011357823115
20.1,0.0607296400718038,0.0590422192984168,0.0600718437477384,0.0589956305153654,0.0591874071938077,0.0611846551735025,0.0597481781967737,0.0613097435608293,0.060104541426652,0.0619557614461922,0.0605367382909905,0.0610932606213159,0.0609114161147657
20.2,0.0609386680952859,0.0592420418235742,0.0602753278152729,0.0591941343918871,0.0593875861608528,0.0613939537095284,0.0599368622369665,0.0615206349559848,0.0603103161489059,0.0621682212471324,0.060743318913255,0.0613001697207586,0.061120680999471
20.3,0.0611466531948698,0.0594409031746334,0.0604777879297272,0.0593916305471235,0.059586710858123,0.0616022429128738,0.0601246397650067,0.0617305572469288,0.0605152030165978,0.062379659063412,0.0609489328849498,0.0615060905334159,0.0613289139134303
20.4,0.061353579901344,0.059638790738528,0.0606792125778281,0.0595881051708604,0.0597847669477596,0.061809508595092,0.0603115549193895,0.0619394970484778,0.0607191909103659,0.0625900629505956,0.0611535678664867,0.0617110112890468,0.0615360987369957
20.5,0.0615594331985574,0.0598356923411285,0.0608795907576881,0.0597835448922027,0.0599817405558735,0.0620157370130604,0.0604976509676268,0.0621474414272107,0.0609222690899039,0.0627994214947554,0.0613572119294647,0.0619149206628671,0.0617422197617059
20.6,0.0617641985332812,0.0600315962544304,0.0610789119817051,0.0599779367876676,0.0601776182808629,0.0622209148771821,0.0606829699210452,0.0623543779088165,0.0611244271975773,0.0630077238176331,0.0615598535597051,0.0621178077776047,0.0619472616981993
20.7,0.061967850888503,0.0602264812067044,0.0612771557271843,0.0601712578774239,0.0603723762101241,0.0624250188140051,0.06086754534847,0.0625602843740467,0.0613256460506212,0.0632149490296554,0.0617614716196613,0.0623196519838527,0.0621511988189012
20.8,0.0621703873513695,0.0604203461820701,0.0614743229236244,0.0603635064472597,0.0605660126737903,0.0626280467827527,0.0610514233267528,0.0627651591874048,0.0615259251018768,0.0634210977123991,0.0619620652754015,0.0625204533431752,0.0623540272932041
20.9,0.0623717948318627,0.060613180848314,0.0616704046573231,0.0605546709785457,0.0607585157518813,0.0628299869178101,0.0612346401914823,0.0629689913095174,0.0617252551739983,0.0636261606388288,0.0621616242844192,0.0627202023444783,0.0625557331505198
21,0.0625720607437127,0.0608049753492773,0.0618653925393701,0.0607447404332291,0.0609498740308494,0.0630308278406881,0.0614172299533912,0.0631717701894856,0.061923627486252,0.0638301291359552,0.0623601388294215,0.062918889930951,0.0627563028725149
21.1,0.0627711730147601,0.0609957203125431,0.0620592787080162,0.0609337042621943,0.0611400766122111,0.0632305586685057,0.061599224157233,0.0633734857720802,0.0621210336578123,0.0640329950887827,0.0625575995207373,0.0631165075013742,0.0629557234016542
21.2,0.0629691200973856,0.0611854068572327,0.0622520558309371,0.0611215524136658,0.0613291131212408,0.0634291690225105,0.0617806517867198,0.0635741285048869,0.0623174657109849,0.0642347509440057,0.0627539973986128,0.0633130469113073,0.0631539821498878
21.3,0.063165890979045,0.0613740266019078,0.0624437171074682,0.061308275341684,0.0615169737157683,0.0636266490366844,0.0619615392124481,0.0637736893454354,0.0625129160743751,0.0644353897134558,0.0629493239354096,0.063508500474156,0.0633510670074944
21.4,0.0633614751928818,0.0615615716725982,0.0626342562707749,0.0614938640146337,0.061703649095037,0.0638229893663985,0.0621419101791599,0.0639721597682597,0.0627073775859939,0.0646349049773121,0.0631435710376646,0.0637028609621094,0.0635469663520885
21.5,0.0635558628284073,0.0617480347109396,0.0628236675899859,0.0616783099238446,0.0618891305086821,0.0640181811971358,0.0623217858282725,0.0641695317719346,0.062900843496298,0.0648332908870448,0.063336731048077,0.0638961216069691,0.0637416690578115
21.6,0.063749044542276,0.0619334088824416,0.0630119458723154,0.0618616050922506,0.0620734097657852,0.0642122162532769,0.0625011847513385,0.0643657978860563,0.063093307471182,0.065030542168122,0.0635287967473643,0.0640882761008619,0.0639351645046946
21.7,0.0639410115691104,0.0621176878848627,0.0631990864651668,0.0620437420831201,0.0622564792440412,0.0644050868069504,0.0626801230700121,0.0645609511781692,0.0632847635948979,0.06522665412246,0.0637197613560449,0.0642793185968506,0.0641274425882308
21.8,0.0641317557324038,0.0623008659567228,0.0633850852582393,0.0622247140088427,0.0624383318990263,0.0645967856869407,0.0628586145381525,0.0647549852606528,0.0634752063729382,0.0654216226306257,0.0639096185361107,0.0644692437094444,0.0643184937291352
21.9,0.0643212694554696,0.0624829378859243,0.0635699386856572,0.0624045145397944,0.0626189612735842,0.0647873062876687,0.0630366706617841,0.064947894297536,0.0636646307348509,0.0656154441537791,0.0640983623926194,0.0646580465150175,0.0645083088833249
22,0.06450954577244,0.0626638990185108,0.0637536437281188,0.0625831379132648,0.0627983615073133,0.0649766425782261,0.0632143008329359,0.0651396730112632,0.0638530320370164,0.0658081157353715,0.0642859874752004,0.0648457225521293,0.0646968795521139
22.1,0.0646965783393163,0.0628437452675289,0.0639361979150928,0.0627605789424426,0.0629765273461814,0.065164789111472,0.0633915124736025,0.0653303166893952,0.0640404060653711,0.0659996350025874,0.0644724887794749,0.0650322678217741,0.0648841977926447
22.2,0.0648823614450334,0.0630224731220271,0.0641175993270626,0.0629368330254749,0.0631534541522498,0.065351741033187,0.0635683111864745,0.0655198211912524,0.0642267490380861,0.0661900001675267,0.0646578617484148,0.0652176787875463,0.0650702562285355
22.3,0.0650668900225589,0.0632000796561667,0.0642978465978336,0.0631118961545788,0.0633291379135211,0.0655374940912873,0.0637447009094037,0.065708182954474,0.064412057608215,0.0663792100281432,0.0648421022736096,0.0654019523757297,0.0652550480607938
22.4,0.0652501596600005,0.0633765625384431,0.0644769389169204,0.0632857649252227,0.0635035752539065,0.0657220446450845,0.0639206840709593,0.0658953990015163,0.0645963288662971,0.0665672639689237,0.0650252066964919,0.0655850859753225,0.0654385670789584
22.5,0.0654321666117039,0.0635519200410369,0.0646548760320141,0.0634584365453454,0.0636767634433155,0.0659053896746055,0.0640962617448132,0.0660814669460769,0.0647795603429301,0.0667541619613124,0.0652071718094829,0.0657670774380116,0.0656208076725127
22.6,0.0656129078093473,0.0637261510492517,0.0648316582515445,0.0636299088446422,0.0638487004078532,0.066087526789945,0.0642714338010626,0.0662663849994301,0.0649617500113165,0.0669399045638837,0.0653879948570935,0.065947925078068,0.0658017648425406
22.7,0.0657923808730049,0.0638992550710777,0.0650072864473455,0.0638001802838761,0.0640193847401462,0.0662684542406662,0.0644461990528867,0.0664501519766834,0.0651428962897901,0.0671244929222498,0.0655676735369699,0.0661276276722106,0.0659814342136623
22.8,0.0659705841221613,0.0640712322468338,0.0651817620574389,0.0639692499642468,0.0641888157097751,0.0664481709252423,0.0646205553973406,0.0666327673029539,0.0653229980443174,0.0673079287687316,0.0657462060008999,0.0663061844594272,0.0661598120462243
22.9,0.0661475165866706,0.0642420833589247,0.0653550870889279,0.0641371176367649,0.0643569932738069,0.0666266764005119,0.064794499949283,0.0668142310194323,0.0655020545909888,0.0674902144217561,0.0659235908557828,0.0664835951407327,0.0663368952487707
23,0.0663231780176425,0.0644118098416515,0.0655272641210193,0.0643037837116574,0.0645239180874482,0.0668039708911688,0.0649680291677644,0.0669945437893702,0.0656800656985094,0.0676713527850094,0.066099827164542,0.0666598598789197,0.0665126813907698
23.1,0.0664975626758148,0.0645804083018701,0.0656982907143182,0.0644692433912789,0.0646895853904973,0.0669800493750582,0.0651411368964581,0.0671737012776278,0.0658570264702704,0.0678513417592222,0.0662749088143249,0.0668349736891406,0.0666871623434186
23.2,0.0666706718155344,0.0647478815571643,0.0658681706640277,0.0646334984676997,0.0648539973072217,0.0671549134739876,0.0653138185598155,0.0673517054460285,0.0660329376040803,0.0680301854820649,0.0664488357890896,0.0670089376791218,0.0668603370319467
23.3,0.0668425136658118,0.0649142385793498,0.0660369139135286,0.0647965572898448,0.0650171628071533,0.0673285714250342,0.0654860713754537,0.0675285645126588,0.0662078053781876,0.0682078942284201,0.0666216141708806,0.0671817590225781,0.0670322114749673
23.4,0.0670130909913089,0.0650794835298603,0.0662045253800153,0.0649584230187276,0.0651790854674012,0.0675010262395675,0.0656578902754271,0.0677042817050707,0.0663816314098201,0.0683844732456537,0.0667932448686688,0.067353439739341,0.0672027860390273
23.5,0.0671824073308555,0.0652436212724386,0.0663710105700459,0.0651190995216991,0.0653397696179358,0.0676722816445998,0.0658292700470279,0.0678788609013097,0.0665544177814273,0.0685599283581747,0.0669637292518579,0.0675239823093818,0.0673720618197877
23.6,0.0673504670074261,0.0654066573832378,0.0665363755833755,0.0652785913816337,0.0654992203525849,0.0678423420921763,0.0660002054093455,0.0680523066351694,0.0667261670432562,0.068734265965011,0.0671330691511417,0.0676933896724748,0.0675400406562974
23.7,0.0675172751378545,0.0655685981608929,0.066700627116919,0.0654369039059968,0.0656574435400136,0.0680112127687231,0.066170691082115,0.0682246241013192,0.0668968822159535,0.0689074930371307,0.0673012668593725,0.0678616652278456,0.0677067251455284
23.8,0.0676828376422933,0.0657294506365867,0.0668637724688401,0.0655940431357627,0.0658144458346731,0.0681788996043193,0.0663407218471616,0.0683958191602741,0.0670665667932257,0.0690796171144942,0.0674683251324346,0.0680288128338332,0.0678721186570942
23.9,0.0678471612533697,0.0658892225840438,0.0670258195427433,0.0657500158541777,0.0659702346876988,0.0683454092818604,0.0665102926028747,0.0685658983432009,0.0672352247445268,0.0692506463028385,0.0676342471901562,0.0681948368075775,0.0680362253481784
24,0.068010253525002,0.0660479225294654,0.06718677685198,0.065904829595291,0.0661248183577086,0.0685107492461152,0.06667939841207,0.0687348688565705,0.0674028605178286,0.0694205892701957,0.0677990367172356,0.0683597419247147,0.0681990501786294
24.1,0.0681721228408422,0.0662055597613466,0.0673466535240376,0.0660584926522444,0.0662782059214714,0.0686749277126415,0.0668480345436999,0.0689027385866041,0.067569479042448,0.0695894552431329,0.0679626978642011,0.0685235334191019,0.0683605989262004
24.2,0.0683327784223276,0.0663621443401793,0.0675054593049994,0.0662110140852575,0.066430407284411,0.0688379536765363,0.0670161965088185,0.0690695161035527,0.0677350857319376,0.0697572540027249,0.0681252352484258,0.0686862169825744,0.0685208782019035
24.3,0.0684922303362652,0.0665176871079751,0.0676632045640732,0.0663624037292616,0.0665814331908964,0.0689998369209995,0.067183880091212,0.0692352106657545,0.067899686487073,0.069923995880241,0.0682866539551747,0.068847798764729,0.0686798954654611
24.4,0.0686504895019434,0.0666721996976129,0.0678199002981326,0.066512672201129,0.0667312952342711,0.0691605880256689,0.0673510813731314,0.0693998322234919,0.0680632876989156,0.0700896917525528,0.0684469595387085,0.0690082853727561,0.0688376590407886
24.5,0.0688075676977012,0.0668256945419317,0.0679755581362934,0.066661830906419,0.0668800058665656,0.0693202183747236,0.0675177967564986,0.069563391422602,0.0682258962519705,0.0702543530372533,0.0686061580234536,0.0691676838713116,0.0689941781315034
24.6,0.0689634775669315,0.0669781848825695,0.0681301903444561,0.0668098920455941,0.0670275784078405,0.0694787401646846,0.067684022979994,0.0697258996078587,0.0683875195274511,0.0704179916874947,0.0687642559052321,0.0693260017824315,0.0691494628363688
24.7,0.069118232623444,0.0671296847784719,0.0682838098298068,0.0669568686196088,0.0671740270550866,0.0696361664119046,0.0678497571323596,0.0698873688260797,0.0685481654066476,0.0705806201865128,0.0689212601525633,0.0694832470855133,0.0693035241646785
24.8,0.069271847256169,0.0672802091140472,0.0684364301452488,0.0671027744347697,0.0673193668906249,0.069792510959695,0.0680149966622914,0.0700478118289645,0.0687078422743981,0.070742251541868,0.0690771782080412,0.0696394282173375,0.0694563740514665
24.9,0.069424336733114,0.0674297736069065,0.068588065493711,0.0672476241068122,0.0674636138899184,0.0699477884850569,0.0681797393852188,0.0702072420756354,0.0688665590227027,0.070902899279373,0.0692320179898153,0.0697945540721579,0.0696080253725187
25,0.0695757172045585,0.0675783948151291,0.068738730732305,0.0673914330640296,0.067606784928732,0.0701020145049543,0.0683439834872879,0.070365673734864,0.0690243250544383,0.0710625774367064,0.0693857878931231,0.0699486340018542,0.069758491959107
25.1,0.0697260057053801,0.0677260901440232,0.0688884413762903,0.06753421754937,0.0677488977895317,0.0702552053821067,0.0685077275268122,0.0705231216869595,0.0691811502872132,0.071221300556702,0.069538496791956,0.0701016778161575,0.0699077886123627
25.2,0.0698752201565013,0.0678728778522761,0.0690372136027963,0.0676759946213565,0.0678899711670485,0.0704073783302159,0.0686709704334689,0.0706796015253097,0.0693370451573522,0.0713790836803278,0.0696901540408126,0.0702536957829249,0.0700559311172173
25.3,0.0700233793653595,0.0680187770574735,0.0691850642542522,0.0678167821536473,0.0680300246728968,0.0705585514186123,0.0688337115054682,0.0708351295575359,0.0694920206240281,0.0715359423393101,0.069840769476541,0.0704046986285161,0.0702029362558209
25.4,0.070170503025344,0.0681638077408906,0.0693320108414828,0.0679565988330942,0.0681690788391454,0.0707087435762161,0.0689959504049079,0.0709897228062433,0.069646088173505,0.0716918925484348,0.0699903534203163,0.0705546975382209,0.070348821820327
25.5,0.0703166117141476,0.0683079907514741,0.0694780715464002,0.0680954641560946,0.0683071551207272,0.0708579745948004,0.0691576871515298,0.0711433990093588,0.0697992598235572,0.0718469507974747,0.0701389166797263,0.070703704156774,0.0704936066249715
25.6,0.0704617173669415,0.0684513399302068,0.0696232569131738,0.0682333894993298,0.0684442667545376,0.0710062561194733,0.0693189172023095,0.0712961679959253,0.0699515395945419,0.0720011256331061,0.0702864607691347,0.0708517211009773,0.0706373001222913
25.7,0.0706058522903704,0.0685938861996041,0.0697675951715367,0.0683704053035787,0.0685804466508561,0.0711536191165695,0.0694796462007359,0.0714480579398621,0.0701029493766049,0.0721544432225248,0.0704330074935178,0.0709987706746385,0.0707799340201099
25.8,0.0707490397174976,0.0687356530511698,0.0699111065470873,0.0685065334731211,0.0687157190602247,0.0713000860021989,0.0696398751976949,0.0715990887424966,0.0702535028253991,0.0723069214408783,0.0705785691474174,0.0711448659177372,0.0709215302923379
25.9,0.0708913037463145,0.0688766648503986,0.0700538119420579,0.0686417966844363,0.0688501091514003,0.0714456800596566,0.0697996055636798,0.0717492810169009,0.0704032141472481,0.072458578601973,0.0707231585214314,0.0712900203325415,0.0710621119738518
26,0.0710326693313872,0.0690169468354304,0.0701957329350328,0.0687762183697326,0.0689836430059697,0.0715904254379315,0.0699588389769422,0.0718986560856568,0.0705520981042333,0.0726094334482836,0.0708667889049251,0.0714342478845005,0.0712017031670413
26.1,0.0711731622739629,0.0691565251143683,0.070336891779861,0.0689098226968086,0.0691163476109729,0.0717343471490197,0.0701175774109051,0.0720472359780096,0.070700170019379,0.0727595051405183,0.0710094740888706,0.0715775630032155,0.0713403290467885
26.2,0.071312809210409,0.0692954266611376,0.0704773114036743,0.0690426345446815,0.0692482508494252,0.0718774710639915,0.0702758231209782,0.0721950434264022,0.0708474457819637,0.0729088132467803,0.0711512283688183,0.0717199805834728,0.0714780158637717
26.3,0.0714516375989119,0.0694336793097539,0.070617015403938,0.0691746794743728,0.0693793814885464,0.0720198239076637,0.0704335786308291,0.0723421018623574,0.0709939418529099,0.0730573777312674,0.0712920665479906,0.0718615159863292,0.0716147909459036
26.4,0.0715896757043465,0.0695713117469152,0.0707560280444652,0.0693059836941248,0.0695097691655762,0.0721614332518151,0.0705908467182156,0.0724884354116639,0.071139675270247,0.0732052189425034,0.0714320039405106,0.0720021850402794,0.0717506826977008
26.5,0.0717269525812228,0.0697083535027679,0.0708943742502767,0.0694365740181343,0.0696394443709907,0.0723023275068408,0.0707476304004556,0.0726340688888658,0.071284663654646,0.0733523576010977,0.0715710563747379,0.0721420040424338,0.071885720597441
26.6,0.071863498054608,0.0698448349397211,0.0710320796012342,0.0695664778177626,0.0697684384289874,0.0724425359117193,0.0709039329195932,0.0727790277909877,0.0714289252149712,0.0734988147869993,0.0717092401967323,0.072280989759774,0.0720199351918606
26.7,0.0719993426989379,0.0699807872391827,0.0711691703243706,0.069695722963935,0.0698967834750885,0.0725820885222101,0.0710597577273031,0.0729233382905291,0.07157247875384,0.073644611926249,0.0718465722738225,0.0724191594304038,0.072153358088228
26.8,0.0721345178146233,0.0701162423860817,0.071305673284785,0.0698243377591352,0.0700245124307017,0.0727210161971564,0.0712151084696387,0.0730670272276624,0.0717153436731576,0.0737897707771778,0.0719830699982679,0.0725565307648322,0.0722860219435521
26.9,0.0722690554023339,0.0702512331510148,0.0714416159750427,0.0699523508570811,0.0701516589745287,0.0728593505827749,0.0713699889716139,0.0732101221016354,0.0718575399795872,0.0739343134160815,0.0721187512910148,0.072693121947247,0.0724179604507181
27,0.0724029881348961,0.0703857930698977,0.0715770265029714,0.0700797911676694,0.0702782575106769,0.0729971240948264,0.0715244032216936,0.0733526510613926,0.0719990882899103,0.0740782622222867,0.0722536346055333,0.0728289516367766,0.0725492083213303
27.1,0.0725363493266768,0.0705199564209486,0.0717119335777432,0.0702066877441777,0.0704043431333731,0.0731343698985475,0.0716783553562352,0.0734946428953858,0.0721400098362369,0.0742216398626643,0.0723877389316985,0.072964038968707,0.0726798012650224
27.2,0.0726691729003656,0.0706537581988644,0.071846366494165,0.070333069648915,0.0705299515881868,0.0732711218862216,0.0718318496438954,0.0736361270206101,0.0722803264709967,0.0743644692754787,0.0725210837997207,0.0730984035556406,0.0728097759650053
27.3,0.0728014933510829,0.0707872340860323,0.071980355115065,0.070458965792499,0.0706551192296908,0.0734074146522687,0.0719848904700473,0.0737771334708872,0.0724200606716666,0.0745067736536448,0.0726536892840981,0.073232065488568,0.0729391700496162
27.4,0.0729333457076816,0.0709204204206126,0.0721139298516792,0.0705844047405007,0.0707798829755106,0.0735432834657337,0.0721374823212357,0.0739176928844441,0.0725592355451539,0.0746485764272906,0.0727855760075537,0.0733650453378254,0.0730680220596372
27.5,0.0730647654911865,0.0710533541613526,0.0722471216419352,0.0707094144793881,0.0709042802567423,0.0736787642400641,0.0722896297696847,0.0740578364908527,0.0726978748317585,0.0747899012456524,0.0729167651449382,0.0734973641538999,0.0731963714111361
27.6,0.0731957886702739,0.0711860728489404,0.0723799619265529,0.0708340221311632,0.0710283489647527,0.0738138935000526,0.0724413374579025,0.0741975960974164,0.0728360029086293,0.0749307719582403,0.0730472784270785,0.0736290434680554,0.0733242583536101
27.7,0.0733264516137118,0.0713186145637842,0.0725124826228373,0.0709582536026747,0.0711521273944006,0.0739487083458201,0.0725926100833682,0.074337004075166,0.0729736447926167,0.0750712125952828,0.0731771381444937,0.0737601052927286,0.0734517239231827
27.8,0.0734567910396852,0.0714510178800202,0.0726447160960899,0.0710821331508536,0.0712756541837796,0.0740832464137697,0.0727434523833544,0.0744760933445897,0.073110826142411,0.0752112473474003,0.0733063671509855,0.0738905721216517,0.0735788098906652
27.9,0.0735868439619465,0.0715833218156173,0.0727766951285476,0.0712056828385374,0.0713989682505765,0.0742175458343503,0.0728938691198814,0.0746148973613454,0.0732475732598566,0.0753509005444831,0.073434988867026,0.0740204669296742,0.0737055587042322
28,0.0737166465943662,0.0717155656791566,0.0729084519652481,0.071328920400426,0.0715221080668037,0.0743516443968189,0.0730438630254903,0.0747534490393891,0.0733839112288263,0.0754901950035128,0.0735630245438097,0.0741498106003154,0.073832012198529
28.1,0.0738462369088691,0.0718477897872869,0.0730400206065547,0.0714518614082549,0.0716451134733729,0.0744855816471684,0.07319343893566,0.0748917833677613,0.0735198680444976,0.0756291556212692,0.0736904991067747,0.074278627420575,0.0739582146178536
28.2,0.073975653670289,0.0719800344451797,0.0731714359624106,0.0715745177268956,0.0717680246615681,0.0746193978973858,0.0733426036593071,0.0750299365688544,0.0736554739478518,0.0757678087601045,0.0738174405674628,0.0744069445038606,0.0740842114911613
28.3,0.074104934469941,0.0721123398672061,0.0733027321256342,0.0716968932384234,0.0718908809678615,0.0747531327718086,0.0734913619087686,0.0751679441207455,0.0737907578227796,0.0759061790795018,0.0739438746573569,0.0745347867524521,0.0742100472971771
28.4,0.0742341168734645,0.0722447463954634,0.0734339434087344,0.0718189833526822,0.0720137216439647,0.0748868261248665,0.0736397183478816,0.0753058419776318,0.0739257491850346,0.076044291258782,0.0740698276865453,0.074662179541716,0.0743357668150398
28.5,0.0743632383469885,0.0723772944232065,0.0735651042961365,0.0719407722991814,0.072136585777831,0.0750205179780228,0.0737876775780225,0.0754436665648509,0.0740604781752055,0.0761821699705991,0.074195326544545,0.0747891487165742,0.0744614150309587
28.6,0.074492336179993,0.0725100243134114,0.0736962493934009,0.0720622294257383,0.0722595122132915,0.0751542484530806,0.0739352441243773,0.0755814547782179,0.0741949755495949,0.0763198398534286,0.0743203987004117,0.0749157205871368,0.0745870370385703
28.7,0.0746214474049439,0.0726429763124113,0.07382741337341,0.0721833040675246,0.0723825394687266,0.0752880577018856,0.0740824224223978,0.0757192439890205,0.0743292726687774,0.0764573254830428,0.0744450722019957,0.0750419219233975,0.0747126779329512
28.8,0.0747506087137326,0.0727761904584719,0.0739586309194714,0.0723039183373033,0.0725057056551623,0.0754219858323918,0.0742292168045181,0.0758570720562495,0.0744634014835682,0.0765946513429325,0.0745693756742804,0.0751677799488604,0.0748383826983674
28.9,0.0748798563710714,0.0729097064852671,0.0740899366653254,0.0724239568739421,0.0726290483942083,0.0755560728311618,0.0743756314870893,0.075994977348042,0.0745973945181259,0.076731841793642,0.0746933383165992,0.0752933223329744,0.0749641960898011
29,0.0750092261249351,0.0730435637201799,0.0742213651320311,0.0725432521520376,0.0727526047361913,0.0756903584823228,0.0745216705575555,0.0761329987745987,0.0747312848498623,0.0768689210409994,0.0748169898986681,0.0754185771822719,0.0750901625084361
29.1,0.0751387531142238,0.0731778009773707,0.0743529506617359,0.0726615634563046,0.0728764110788114,0.075824882283088,0.0746673379618879,0.0762711758353422,0.0748651060858452,0.0770059131032111,0.0749403607552084,0.0755435730300348,0.0752163258712608
29.2,0.0752684717738161,0.073312456445609,0.0744847273483549,0.0727785474465111,0.0730005030866418,0.0759596833559135,0.074812637492253,0.076409548683426,0.0749988923353516,0.0771428417768072,0.0750634817790523,0.0756683388243689,0.0753427294750977
29.3,0.0753984157372486,0.0734475675708019,0.0746167289651573,0.0728937200209368,0.0731249156116274,0.0760948003574333,0.0749575727749567,0.0765481582111529,0.0751326781781884,0.077279730601386,0.0751863844125022,0.0757929039145031,0.0754694158553404
29.4,0.0755286177372532,0.0735831709332851,0.074748988889346,0.0730064191777448,0.0732496826147709,0.0762302713843059,0.0751021472586392,0.0766870461600347,0.075266498628392,0.0774166028231761,0.0753091006367889,0.0759172980351455,0.0755964266398741
29.5,0.0756591095044397,0.0737193021198223,0.0748815400236526,0.0731158199419593,0.0733748370889938,0.0763661338761401,0.0752463642027439,0.0768262552591955,0.0754003890928971,0.0775534813573542,0.0754316629593938,0.0760415512887053,0.0757238023986113
29.6,0.0757899216644432,0.0738559955903949,0.0750144147150571,0.0732212094936736,0.0735004109831583,0.0765024245156675,0.0753902266662569,0.0769658293950463,0.0755343853247396,0.0776903887491503,0.0755541043990233,0.076165694125222,0.075851582489259
29.7,0.0759210836339023,0.0739932845397999,0.0751476446707334,0.0733232846139842,0.0736264351270412,0.0766391791263606,0.0755337374967262,0.0771058138132654,0.0756685233703538,0.0778273471336791,0.0756764584679924,0.0762897573197301,0.0759798048999519
29.8,0.0760526235156095,0.0741312007541564,0.0752812608713085,0.0734287653039267,0.0737529391570479,0.0767764325676586,0.0756768993195707,0.0772462553501373,0.0758028395104846,0.0779643781945204,0.0757987591517699,0.0764137719469012,0.0761085060895567
29.9,0.0761845679933263,0.074269774462389,0.0754152934816266,0.0735608285331018,0.0738799514422466,0.0769142186279911,0.0758197145276592,0.0773872026826376,0.075937370194235,0.0781015031210306,0.0759210408853985,0.0765377693527144,0.0762377208264365
30,0.0763169422266508,0.0744090341828147,0.0755497717591517,0.0737544129083584,0.0740074990103528,0.0770525699157188,0.0759621852712094,0.0775287065731066,0.076072151965798,0.0782387425643995,0.0760433385265286,0.076661781122894,0.076367482026689
30.1,0.0764497697464611,0.0745490065650008,0.0756847239602193,0.0739898616078361,0.0741356074731364,0.0771915177480805,0.0761043134479666,0.0776708200609448,0.0762072213833205,0.0783761165924244,0.0761656873247344,0.076785839047918,0.0764978205928664
30.2,0.0765830723514727,0.0746897162270728,0.0758201772443307,0.0741974244239052,0.0742643009507341,0.0773310920381267,0.0762461006936913,0.0778135985147962,0.076342614929452,0.0785136446430394,0.0762881228868451,0.0769099750842715,0.0766287652543181
30.3,0.0767168700064074,0.0748311855887333,0.0759561575767686,0.0743617849327455,0.0743936019944026,0.0774713211795261,0.0763875483729694,0.0779570993961705,0.0764783689130821,0.0786513454766304,0.0764106811378869,0.0770342213117438,0.0767603424104082
30.4,0.076851180742408,0.0749734347002794,0.0760926896297681,0.0745025701895778,0.074523531507193,0.0776122319288558,0.0765286575703121,0.0781013814885875,0.0766145193617809,0.0787892371271075,0.076533398277367,0.0771586098864701,0.0768925759779206
30.5,0.0769860258834658,0.0751164890297293,0.0762298025323537,0.0746343237414673,0.0746541151813742,0.0777538564380899,0.076669425775997,0.0782465119744074,0.0767511064819676,0.0789273390518391,0.0766563130006223,0.0772831750127029,0.0770254940697432
30.6,0.0771214142084434,0.0752603556298589,0.0763675126090276,0.0747635886747471,0.0747853641542947,0.0778962110765827,0.0768098567984865,0.0783925378281916,0.0768881614616963,0.0790656657796723,0.0767794603402864,0.0774079474332583,0.0771591086788794
30.7,0.0772573573164242,0.0754050462969308,0.0765058400022901,0.0748928450757382,0.0749172938265962,0.0780393168865696,0.0769499508231987,0.0785395043609227,0.0770257187168515,0.0792042328336257,0.076902877006041,0.0775329592003159,0.0772934353361268
30.8,0.0773938645060198,0.0755505697376158,0.0766448031546082,0.075023016594983,0.0750499176037977,0.0781831927537515,0.077089707722956,0.0786874386323884,0.077163811844483,0.0793430548012275,0.0770265997503537,0.0776582422037588,0.0774284865455056
30.9,0.0775309426964389,0.0756969313873136,0.0767844187074731,0.0751544159584796,0.0751832468037936,0.078327855257886,0.0772291270507808,0.0788363364339524,0.07730247346231,0.0794821452801334,0.0771506652955241,0.0777838280985123,0.07756427167488
31,0.0776685963546106,0.0758441332297043,0.0769247014012594,0.0752871171476457,0.075317290562455,0.0784733185081201,0.0773682080330516,0.0789861452151578,0.0774417350369695,0.0796215168229079,0.0772751102538014,0.0779097482259664,0.077700796859642
31.1,0.0778068274290126,0.0759921736194777,0.0770656639763364,0.0754211028097612,0.0754520557381737,0.0786195939571258,0.0775069495630061,0.0791367451569884,0.0775816267008941,0.0797611808809879,0.0773999710402036,0.0780360335292431,0.0778380649209064
31.2,0.0779456352907874,0.0761410471106239,0.0772073170759223,0.0755563233422796,0.0755875468162821,0.0787666901860206,0.0776453501946182,0.0792879343889792,0.0777221770579113,0.0799011477479901,0.0775252837776739,0.0781627144620863,0.0779760752994703
31.3,0.0780850166827972,0.0762907442933295,0.0773496691511831,0.0756927204521674,0.0757237658146121,0.0789146126494132,0.077783408136852,0.0794394288783214,0.0778634129777525,0.0800414265024625,0.0776510841942738,0.0782898208911769,0.0781148240067248
31.4,0.0782249656771747,0.0764412516431598,0.0774927263691331,0.0758302361113628,0.0758607121915516,0.0790633633664582,0.0779211212482793,0.0795908893376366,0.0780053593798107,0.0801820249502072,0.0777774075120686,0.0784173819916626,0.0782543035934716
31.5,0.0783654736419057,0.0765925513870675,0.0776364925238579,0.075968815454138,0.0759983827581384,0.0792129405396192,0.0780584870320933,0.0797419810531642,0.0781480390067019,0.0803229495663508,0.0779042883274335,0.0785454261358383,0.0783945031373775
31.6,0.0785065292169765,0.0767446213915321,0.0777809689516651,0.076108407201056,0.0761367715958502,0.079363338077665,0.0781955026315239,0.0798924552701618,0.0782914721883504,0.0804642054372977,0.0780317604825533,0.0786739807748285,0.0785354082495581
31.7,0.0786481183004993,0.0768974350790927,0.0779261544507084,0.0762489631386415,0.0762758699817489,0.0795145449934363,0.0783321648256301,0.0800422209597871,0.0784356765975485,0.0806057962027903,0.0781598569279494,0.0788030723132644,0.0786770011004524
31.8,0.0787902240452446,0.0770509613803037,0.0780720452057195,0.0763904373077183,0.076415666322678,0.0796665446402716,0.0784684700255182,0.0801913715043422,0.0785806669981771,0.0807477239982384,0.0782886095758679,0.0789327259769714,0.0788192604648525
31.9,0.0789328268659023,0.0772051647288839,0.0782186347184088,0.0765327851723204,0.0765561461001575,0.0798193137445599,0.0786044142709735,0.0803401521050668,0.0787264549875589,0.0808899893975596,0.0784180491445142,0.0790629656737669,0.0789621617856002
32,0.079075904457352,0.0773600051082608,0.0783659137441742,0.0766759628738043,0.0766972918275017,0.0799728211869891,0.0787399932275003,0.0804888862638212,0.0788730487346211,0.0810325913567622,0.0785482049931789,0.0791938138475425,0.079105677255126
32.1,0.0792194318241228,0.0775154381577514,0.0785138702356892,0.07681992660198,0.0768390830205539,0.0801270264845455,0.0788752021838032,0.0806378971954753,0.0790204527159335,0.0811755271585354,0.0786791049483471,0.0793252913258764,0.0792497759136749
32.2,0.0793633813211862,0.0776714153461033,0.0786624892939989,0.0769646320843954,0.0769814961832592,0.0802818779339333,0.0790100360497026,0.080787452476745,0.0791686674518627,0.0813187923581065,0.078810775121057,0.0794574171615591,0.0793944237627679
32.3,0.0795077227060931,0.0778278842188546,0.0788117531276704,0.0771100341832803,0.0771245048090525,0.0804373104023152,0.079144489354488,0.0809377403611803,0.0793176892454917,0.081462380730666,0.0789432397158915,0.079590208468458,0.0795395838921783
32.4,0.0796524232024412,0.0779847887237582,0.078961641020594,0.0772560865862877,0.0772680793988462,0.0805932428043605,0.0792785562457217,0.0810888708254886,0.0794675099271944,0.0816062842206786,0.0790765208320616,0.0797236802523674,0.0796852166184967
32.5,0.0797974475745101,0.0781420696153618,0.0791121293089537,0.077402741577303,0.0774121874961217,0.0807495754004865,0.0794122304885047,0.0812408895561121,0.0796181166080346,0.0817504928933958,0.0792106382572685,0.0798578452374708,0.0798312796332525
32.6,0.0799427582128829,0.0782996649356431,0.0792631913679014,0.0775499498751084,0.0775567937393728,0.0809061872068613,0.0795455054652057,0.0813937953587339,0.0797694914454883,0.0818949948889362,0.0793456092551341,0.0799927136893255,0.0799777281584704
32.7,0.0800883152307108,0.0784575105624262,0.0794147976084106,0.0776976605294323,0.0777018599319271,0.0810629340359759,0.0796783741756521,0.0815475557372386,0.0799216114251789,0.0820397763792744,0.0794814483472013,0.0801282932352898,0.0801245151075953
32.8,0.0802340765702623,0.078615540811616,0.0795669154847184,0.0778458208656461,0.0778473451288778,0.0812196479826285,0.0798108292378046,0.0817021187707615,0.0800744481625535,0.0821848215285417,0.0796181670906834,0.0802645886835731,0.0802715912498338
32.9,0.0803799986794718,0.07877368932392,0.0797195116595538,0.0779943781338078,0.0779932073556104,0.0813761373938391,0.0799428607833855,0.0818574245746451,0.0802279708833652,0.0823301135646286,0.0797557782317134,0.0804016053546408,0.080418906283309
33,0.0805260348271734,0.0789318882483931,0.0798725471454661,0.0781432753706259,0.0781393997978674,0.0815321940188535,0.0800744605477395,0.0820134028902653,0.0803821393134676,0.0824756322140309,0.0798942867413779,0.0805393418086251,0.0805664063982873
33.1,0.0806721363482222,0.0790900704888749,0.0800259782714369,0.0782924528029267,0.0782858720493706,0.0816876095704508,0.080205622067897,0.0821699778803581,0.0805369045176236,0.0826213541543048,0.0800336894663063,0.080677789698248,0.0807140357213891
33.2,0.0808182537120701,0.0792481704553572,0.0801797608865462,0.0784418510066452,0.0784325733046941,0.0818421880432066,0.0803363364403531,0.0823270760928409,0.0806922150238672,0.0827672551403937,0.0801739837341644,0.0808169406600957,0.0808617380634351
33.3,0.0809643358906176,0.0794061239752221,0.0803338480942206,0.0785914090747924,0.0785794506843485,0.0819957689178172,0.0804665943906056,0.0824846236365493,0.0808480134439225,0.0829133087841038,0.0803151627801948,0.0809567826299378,0.0810094559176784
33.4,0.0811103305140599,0.0795638686645258,0.080488190330056,0.0787410647372932,0.0787264494081185,0.0821482508750057,0.0805963862768331,0.0826425464824624,0.0810042364841917,0.0830594865430655,0.0804572155356919,0.0810972996859177,0.0811571306175941
33.5,0.0812561840321423,0.0797213441666013,0.0806427354517186,0.0788907544969486,0.0788735129783918,0.0822996116758756,0.0807257020940906,0.0828007704960383,0.0811608150051941,0.0832057577159872,0.0806001264261843,0.0812384719024678,0.0813047024920929
33.6,0.0814018418798965,0.0798784922468595,0.0807974288407717,0.0790404137789702,0.0790205833719952,0.0824499177669807,0.0808545314790253,0.0829592213402083,0.0813176741326119,0.0833520894445481,0.0807438751821084,0.0813802752172211,0.0814521110184462
33.7,0.0815472486469305,0.0800352567435596,0.080952213516296,0.0791899770917648,0.0791676012389639,0.0825993186303581,0.0809828637151103,0.0831178243317766,0.081474733422529,0.0834984467224044,0.0808884366648403,0.081522681313194,0.0815992949734181
33.8,0.0816923482492922,0.080191583385819,0.081107030260025,0.0793393781968291,0.0793145061067379,0.0827480250041759,0.0811106877384049,0.083276504298041,0.0816319070827808,0.083644792411671,0.081033780711122,0.0816656575186308,0.0817461925831724
33.9,0.0818370841029158,0.0803474195004124,0.0812618177526571,0.0794885502857531,0.0794612365881973,0.082896275375815,0.0812379921438475,0.0834351854585175,0.0817891042516587,0.0837910872672996,0.0811798719989343,0.0818091667268809,0.0818927416725207
34,0.0819813992976731,0.0805027136372891,0.0814165127208872,0.0796374261624828,0.0796077305919793,0.0830442990505432,0.0813647651920706,0.0835937913434495,0.081946229334267,0.0839372899696833,0.0813266699380036,0.0819531673387046,0.0820388798140747
34.1,0.0821252367710689,0.0806574151487154,0.081571050094692,0.0797859384290737,0.0797539255336145,0.0831922846586702,0.0814909948167546,0.0837522447531935,0.0821031823960299,0.0840833571658443,0.0814741285879903,0.0820976132293,0.0821845444776631
34.2,0.0822685394805742,0.0808114737585704,0.0817253631741875,0.0799340196732838,0.0798997585459675,0.0833403601563366,0.0816166686325053,0.0839104677582834,0.0822598596117373,0.0842292435194977,0.0816221966074595,0.0822424537422627,0.0823296731803
34.3,0.0824112505736957,0.0809648391562411,0.081879383805453,0.0800816026564458,0.0800451666876115,0.0834885859781791,0.0817417739432705,0.0840683817377677,0.0824161537676192,0.0843749017702491,0.0817708172365605,0.0823876337126035,0.0824742036367429
34.4,0.0825533135548752,0.0811174606446199,0.0820330425645027,0.0802286205001674,0.0801900871478174,0.0836369591999333,0.0818662977512887,0.0842259074522645,0.0825719548128142,0.084520282802157,0.0819199283161193,0.0825330935206767,0.0826180739105008
34.5,0.0826946724483203,0.081269286864562,0.082186268948609,0.0803750068704821,0.0803344574468765,0.0837854246293996,0.081990226766559,0.0843829651478259,0.0827271504555574,0.0846653357218165,0.0820694623456994,0.0826787691786562,0.0827612225649026
34.6,0.0828352719560055,0.0814202656100421,0.0823389915740453,0.0805206961581743,0.0804782156306526,0.0839338886697161,0.082113547416847,0.0845394746865853,0.0828816267984903,0.0848100079461011,0.0822193465827225,0.0828245924509634,0.0829035888137191
34.7,0.0829750576100273,0.0815703437399163,0.082491138379322,0.080665623654112,0.0806213004582598,0.0840822328453438,0.0822362458582226,0.0846953557003405,0.0830352690065118,0.0849542452995897,0.0823695031845082,0.0829704910096301,0.0830451126705355
34.8,0.0831139759186678,0.0817194671848282,0.0826426368328845,0.0808097257185186,0.0807636515819397,0.0842303252285365,0.0823583079860973,0.0848505277633429,0.0831879619997162,0.0850979921216969,0.082519849394481,0.0831163886252379,0.0831857350961172
34.9,0.0832519745054923,0.0818675810416534,0.0827934141442222,0.080952939943182,0.0809052097183057,0.0843780291307184,0.0824797194468101,0.0850049105809146,0.0833395911633921,0.0852411913834078,0.0826702977734423,0.0832622053936946,0.0833253981426827
35,0.0833890022409517,0.0820146297434446,0.0829433974772931,0.0810952053057779,0.0810459168101646,0.0845252091468793,0.0826004656496973,0.0851584241906344,0.0834900430663583,0.0853837848135049,0.0828207564760362,0.0834078579985299,0.0834640450941791
35.1,0.0835250093659719,0.0821605572902413,0.0830925141651755,0.0812364623155023,0.0811857161783377,0.0846717349953725,0.0827205317796965,0.0853109891731039,0.0836392061785681,0.0855257130339938,0.0829711295721218,0.0835532600080317,0.083601620601449
35.2,0.0836599476071384,0.0823053075249273,0.0832406919247741,0.0813766531493903,0.0813245526629404,0.0848174836955244,0.0828399028104221,0.0854625268695506,0.0837869715788156,0.0856669157045209,0.0831213174119184,0.0836983222059624,0.083738070811299
35.3,0.0837937702831276,0.0824488244385703,0.083387859070495,0.0815157217787621,0.081462372753696,0.08496234058614,0.0829585635177612,0.0856129596035745,0.0839332336432095,0.0858073316752807,0.0832712170332823,0.0838429529540819,0.083873343488518
35.4,0.0839264206033156,0.0825910393226677,0.0835339334437681,0.0816536020455382,0.0815991137516664,0.0851061888546775,0.083076491227773,0.0857621985923497,0.0840778740241686,0.0859468902249412,0.0834207176958826,0.0839870525115766,0.0840073756166376
35.5,0.0840578663564258,0.0827319095643755,0.0836788551464591,0.081790252925111,0.0817347358272149,0.0852489398345695,0.0831936773272223,0.0859101796945583,0.0842208105477234,0.086085536794876,0.0835697139856363,0.0841305298165526,0.0841401301439353
35.6,0.0841880662394129,0.0828713815611302,0.0838225555800461,0.0819256244876952,0.0818691911455174,0.0853905040286863,0.0833101060811612,0.0860568295706605,0.0843619514487925,0.0862232087989938,0.083718095789115,0.084273288400258,0.0842715603952896
35.7,0.0843169808775756,0.083009403126029,0.0839649675723421,0.0820596690003134,0.0820024339312236,0.0855307993488958,0.0834257616165804,0.0862020767539726,0.0845012106656309,0.0863598435353771,0.0838657516923542,0.0844152311044423,0.0844016217180129
35.8,0.0844445728843277,0.0831459237632125,0.084106025569017,0.0821923409988006,0.0821344205408636,0.0856697505527385,0.0835406279383319,0.0863458518596664,0.0846385083049078,0.0864953783734949,0.0840125695493014,0.0845562605592557,0.084530271557269
35.9,0.084570806911718,0.0832808949167227,0.0842456658176543,0.0823235973488577,0.0822651095239408,0.0858072887033348,0.0836546889454824,0.0864880877855741,0.0847737710429562,0.0866297509459497,0.0841584370676796,0.084696279671929,0.084657469521022
36,0.0846956496918684,0.0834142701904157,0.0843838265434404,0.082453397296217,0.0823944616728964,0.0859433506755836,0.0837679284480723,0.0866287199032967,0.0849069324591359,0.0867628993437506,0.0843032424062505,0.0848351921213957,0.084783177434382
36.1,0.0848190700695156,0.0835460055378464,0.0845204481156589,0.0825817025061513,0.082522440062276,0.0860778787176213,0.0838803301843011,0.0867676862382817,0.0850379332985791,0.0868947623141381,0.0844468747771611,0.0849729028539446,0.0849073593833932
36.2,0.0849410390259642,0.0836760594221033,0.084655473204254,0.0827084770926367,0.0826490100774605,0.086210820068184,0.083991877838054,0.0869049276376205,0.0851667216627836,0.0870252794599178,0.0845892250468934,0.0851093185747135,0.0850299817484197
36.3,0.0850615296946791,0.0838043929464067,0.0847888469257902,0.0828336876374805,0.0827741394333555,0.0863421266259899,0.0841025550568502,0.0870403879245452,0.0852932531278674,0.0871543914392034,0.0847301863291561,0.0852443482299328,0.0851510132273497
36.4,0.0851805173689443,0.0839309699567574,0.0849205169782036,0.0829573031998402,0.0828977981835109,0.0864717546651557,0.0842123454700945,0.0871740140387214,0.0854174907913628,0.087282040164374,0.0848696545631703,0.085377903474872,0.0852704248490097
36.5,0.0852979795018951,0.0840557571184322,0.0850504337638933,0.0830792953165675,0.0830199587202013,0.0865996645898976,0.0843212327076989,0.0873057561616447,0.0855394052497638,0.0874081689992044,0.085007529070931,0.0855098991225258,0.0853881899771472
36.6,0.0854138956993756,0.0841787239682556,0.0851785505006839,0.0831996379938874,0.0831405957659164,0.0867258207219435,0.0844292004190003,0.0874355678265029,0.0856589745098751,0.0875327229528709,0.0851437130872625,0.0856402535684438,0.0855042843055455
36.7,0.0855282477060261,0.0842998429447771,0.085304823320423,0.0833183076909098,0.0832596863569168,0.0868501911145785,0.0845362322919833,0.0875634060121444,0.0857761838381279,0.0876556488696967,0.0852781142569653,0.0857688891873174,0.0856186858447348
36.8,0.0856410193850775,0.0844190893984122,0.0854292113549038,0.0834352832955686,0.0833772098193507,0.0869727473880056,0.0846423120727769,0.0876892312208819,0.0858910255527009,0.0877768956134958,0.0854106450937691,0.0858957326974653,0.0857313749009377
36.9,0.0857521966922737,0.0845364415837287,0.0855516768090774,0.0835505460934921,0.0834931477385477,0.0870934645814747,0.0847474235854048,0.0878130075399902,0.086003498763957,0.0878964142452574,0.0855412233964643,0.08602071548968,0.0858423340478432
37,0.0858617676444234,0.0846518806358236,0.085672185021423,0.0836640797304714,0.0836074839220918,0.0872123210184278,0.0848515507517904,0.0879347026869743,0.0861136090692394,0.0880141581931739,0.0856697726182846,0.0861437739176388,0.0859515480918119
37.1,0.0859697222830543,0.0847653905327669,0.0857907045116093,0.0837758701690385,0.0837202043572218,0.0873292981815152,0.0849546776119408,0.088054288038748,0.0862213682083053,0.0881300834138069,0.0857962221862355,0.0862648495474165,0.086059004031202
37.2,0.0860760526336132,0.0848769580458805,0.08590720701548,0.0838859056397882,0.0838312971631974,0.087444380595106,0.0850567883443653,0.088171738645027,0.0863267936860053,0.0882441485434331,0.0859205077679986,0.0863838893644502,0.0861646910103901
37.3,0.0861807526607073,0.0849865726795609,0.0860216675076849,0.0839941765880268,0.0839407525391683,0.0875575557132713,0.0851578672866289,0.0882870332263364,0.0864299083687088,0.0883563150385887,0.0860425714847987,0.0865008459367907,0.0862686002691725
37.4,0.0862838182198641,0.0850942266022121,0.0861340642121279,0.0841006756163134,0.0840485627081446,0.0876688138117939,0.0852578989560809,0.088400154157216,0.0865307400609842,0.0884665473049219,0.0861623620693958,0.0866156775341832,0.0863707250881358
37.5,0.0863852470061762,0.0851999145696532,0.0862443786006473,0.0842053974234532,0.0841547218575503,0.0877781478830395,0.085356868070686,0.0885110874351521,0.0866293210687951,0.088574812813523,0.0862798349692119,0.0867283482030196,0.0864710607305747
37.6,0.0864850385003926,0.0853036338424014,0.086352595380351,0.084308338740486,0.0842592260769993,0.0878855535329107,0.0854547595699822,0.0886198226360375,0.0867256877551823,0.0886810822040988,0.0863949523954455,0.0868388277979915,0.0865696043815736
37.7,0.0865831939127519,0.0854053840979657,0.0864587024700034,0.084409498264232,0.0843620732936694,0.087991028879259,0.0855515586360935,0.0887263528568647,0.0868198800939953,0.0887853293742927,0.0865076833195892,0.0869470919715575,0.0866663550847652
37.8,0.0866797081407038,0.0855051577170962,0.0865626805516024,0.0845088678687921,0.0844632550881909,0.0880945650050141,0.0856472452183634,0.0888306638195352,0.0869119310038696,0.0888875214342388,0.0866179915130525,0.0870531111068714,0.0867613049044803
37.9,0.0867745857653272,0.0856029590253165,0.0866645238166071,0.0846064500358711,0.0845627729058592,0.0881961648242734,0.0857418048459407,0.0889327554908155,0.0870018870538891,0.0889876387777596,0.0867258590962944,0.0871568721541069,0.0868544564658656
38,0.0868678408808174,0.0856988040914377,0.0867642400490618,0.0847022577231929,0.0846606379518302,0.0882958429120154,0.0858352289923292,0.0890326419904543,0.0870898069263558,0.0890856755931469,0.0868312868122908,0.0872583788113322,0.0869458228237483
38.1,0.086959481063546,0.0857927013744759,0.0868618296627902,0.0847962968386956,0.0847568548691325,0.0883936064944417,0.0859275040309751,0.0891303297896071,0.0871757407459389,0.0891816195107767,0.0869342698472414,0.0873576291915925,0.0870354098373951
38.2,0.0870495153164989,0.0858846612679868,0.0869572960184653,0.0848885749004632,0.0848514297935955,0.0884894648120997,0.0860186166842031,0.0892258284299952,0.0872597401345266,0.0892754616451293,0.0870348094282991,0.0874546265895724,0.0871232248880295
38.3,0.0871379540075535,0.0859746960018801,0.0870506453464766,0.0849791009649412,0.0849443702843691,0.0885834290237069,0.0861085540442299,0.0893191504090873,0.0873418578430921,0.0893671965942563,0.0871329125674282,0.0875493792679252,0.0872092768113549
38.4,0.0872248088078553,0.0860628195449193,0.0871418866631983,0.0850678855555864,0.0850356852548985,0.0886755121110806,0.0861973035941044,0.0894103110591659,0.0874221474062467,0.0894568224243668,0.0872285917777329,0.0876419002212706,0.087293575830682
38.5,0.0873100926305936,0.0861490475083886,0.0872310316813656,0.0851549405922324,0.0851253849046432,0.0887657287853242,0.0862848532285419,0.089499328421283,0.0875006628207967,0.0895443406399653,0.0873218647668913,0.0877322069213494,0.0873761334909213
38.6,0.0873938195703656,0.0862333970513538,0.0873180947152125,0.0852402793214679,0.0852134806517709,0.0888540953944744,0.0863711912746315,0.0895862231149917,0.0875774582492237,0.0896297561399032,0.0874127541120573,0.0878203210469481,0.0874569625936891
38.7,0.0874760048433135,0.0863158867878992,0.0874030925810746,0.0853239162482059,0.085299985067062,0.088940629832763,0.0864563065124255,0.0896710182048232,0.0876525877485982,0.0897130771598846,0.0875012869207704,0.0879062682020341,0.0875360771337535
38.8,0.0875566647281975,0.086396536696639,0.0874860444940494,0.0854058670686722,0.0853849118092292,0.089025351451673,0.0865401881953327,0.0897537390643528,0.0877261050249566,0.0897943152020565,0.0875874944819918,0.0879900776254769,0.0876134922369609
38.9,0.0876358165085894,0.0864753680327448,0.0875669719614144,0.0854861486049953,0.0854682755618064,0.0891082809729677,0.0866228260703617,0.0898344132386896,0.0877980632130129,0.0898734849523823,0.0876714119114549,0.0880717818956031,0.0876892240998521
39,0.0877134784162689,0.0865524032427582,0.087645898673373,0.0855647787415168,0.0855500919717705,0.0891894404037998,0.086704210398158,0.0899130703061809,0.0878685146806332,0.0899506041865743,0.0877530777949816,0.0881514166325672,0.0877632899310704
39.1,0.0877896695759337,0.0866276658823183,0.0877228503917589,0.0856417763629416,0.0856303775900097,0.0892688529540821,0.0867843319728291,0.0899897417400934,0.0879375108573473,0.0900256936654298,0.0878325338333256,0.0882290202013666,0.0878357078946528
39.2,0.0878644099513549,0.0867011805369452,0.0877978548372249,0.0857171612944818,0.0857091498137371,0.0893465429562262,0.0868631821415366,0.09006446077092,0.0880051020859614,0.0900987770204468,0.0879098244917166,0.0883046334180866,0.0879064970553325
39.3,0.0879377202929844,0.0867729727459903,0.0878709415754872,0.0857909542439677,0.0857864268309406,0.0894225357872966,0.086940752823854,0.090137262249963,0.0880713374961383,0.090169880630683,0.0879849966568546,0.0883782992615987,0.0879756773258455
39.4,0.0880096220871257,0.0868430689298272,0.0879421419031277,0.0858631767460769,0.0858622275669376,0.0894968577937458,0.087017036530866,0.0902081825147802,0.0881362648987859,0.0902390334918176,0.0880580993039517,0.0884500625928875,0.088043269416371
39.5,0.0880801375066569,0.0869114963202913,0.0880114887334032,0.0859338511086696,0.0859365716330562,0.0895695362187057,0.0870920263839978,0.0902772592569813,0.0881999306998416,0.0903062670784111,0.0881291831758412,0.0885199698836207,0.0881092947860509
39.6,0.088149289363383,0.0869782828943946,0.0880790164825437,0.086003000361224,0.0860094792774919,0.0896405991319422,0.0871657161335704,0.0903445313928814,0.0882623798321785,0.090371615200322,0.0881983004760062,0.0885880689556116,0.0881737755966367
39.7,0.0882171010619781,0.0870434573113301,0.0881447609569061,0.0860706482054556,0.0860809713383443,0.0897100753624529,0.0872381001770682,0.0904100389373667,0.0883236557041858,0.0904351138543793,0.0882655045769899,0.0886544087322933,0.0882367346682746
39.8,0.0882835965555848,0.0871070488526613,0.0882087592413963,0.0861368189680057,0.0861510691988372,0.0897779944337393,0.0873091735771086,0.0904738228813831,0.0883838001636216,0.0904968010722101,0.0883308497452419,0.0887190390032964,0.0882981954373579
39.9,0.0883488003029957,0.0871690873657252,0.088271049589468,0.0862015375552621,0.0862197947447262,0.0898443865017337,0.0873789320791032,0.0905359250733092,0.0884428534753456,0.0905567167652492,0.0883943908833426,0.0887820102028012,0.0883581819164976
40,0.0884127372274353,0.0872296032101136,0.0883316713150403,0.0862648294102041,0.086287170323821,0.08990928229536,0.0874473721286295,0.0905963881044557,0.0885008543115793,0.0906149025678731,0.088456183290068,0.0888433732022712,0.0884167186564714
40.1,0.0884754326769396,0.0872886272071967,0.0883906646865443,0.0863267204713169,0.0863532187076687,0.0899727130597059,0.0875144908884739,0.0906552551989699,0.088557839753343,0.0906714016795813,0.0885162824386733,0.0889031791178193,0.0884738307102083
40.2,0.0885369123862551,0.0873461905925627,0.088448070823433,0.0863872371334092,0.0864179630552747,0.090034710501724,0.0875802862553631,0.0907125701081763,0.0886138453018344,0.0907262587071171,0.0885747437734105,0.0889614791324197,0.0885295435986942
40.3,0.0885971910331536,0.0874023112712741,0.0885039168571744,0.0864463932626191,0.0864814145559527,0.0900952933162983,0.0876447438824922,0.0907683626572142,0.0886688959401116,0.0907795043133228,0.088631607541572,0.0890183105638944,0.0885838700716508
40.4,0.0886563069377654,0.0874570354954513,0.0885582608759154,0.086504229533999,0.0865436098297375,0.0901545080339181,0.0877078761808507,0.0908226925664501,0.0887230336307702,0.090831201564523,0.0886869446187714,0.0890737389942056,0.0886368502125668
40.5,0.0887142867884695,0.087510395492754,0.0886111459714147,0.0865607735041896,0.0866045730079234,0.0902123874536793,0.0877696833688196,0.0908756045859957,0.0887762892440098,0.0908813983757688,0.0887408093024031,0.0891278148728899,0.0886885107703605
40.6,0.0887711575215719,0.0875624237406068,0.0886626156970268,0.0866160530468211,0.0866643284829872,0.0902689646420702,0.0878301664630785,0.0909271436144514,0.0888286921934599,0.0909301434475522,0.0887932552202894,0.0891805881467169,0.0887388788427751
40.7,0.0888269462904519,0.0876131529316799,0.0887127139790012,0.086670096322273,0.0867229008819474,0.0903242728905113,0.0878893272937608,0.0909773546170758,0.0888802704806652,0.090977486119187,0.088844335214198,0.0892321081534883,0.0887879818510713
40.8,0.0888816804359487,0.0876626159415574,0.0887614850310596,0.0867229317489996,0.0867803150414833,0.09037834567501,0.0879471685193113,0.0910262825485714,0.0889310507432624,0.0910234762263962,0.0888941012386961,0.089282423528688,0.0888358475162171
40.9,0.0889353874580176,0.0877108457984983,0.0888089732722696,0.0867745879763024,0.0868365959846554,0.0904312166177835,0.0880036936410516,0.0910739722805176,0.0889810583061328,0.0910681639634831,0.0889426042744762,0.0893315821242549,0.0888825038365254
41,0.0889880949885895,0.0877578756551364,0.0888552232483148,0.0868250938585292,0.0868917688992282,0.0904829194508246,0.0880589070174528,0.0911204685332886,0.0890303172347985,0.0911115997505857,0.0889898942553088,0.089379630938884,0.0889279790666737
41.1,0.0890398307655556,0.0878037387619983,0.0889002795561032,0.0868744784305869,0.0869458591174722,0.090533487981265,0.0881128138781344,0.091165815812378,0.0890788503904816,0.0911538341063721,0.0890360200077105,0.0894266160590915,0.0889723016980148
41.2,0.0890906226078811,0.0878484684427401,0.088944186771756,0.0869227708847108,0.0869988920973821,0.0905829560584681,0.0881654203376024,0.0912100583490102,0.0891266794862599,0.0911949175264506,0.0890810292024344,0.0894725826103608,0.0890155004400874
41.3,0.0891404983917605,0.0878920980709337,0.0889869893819734,0.0869700005484209,0.0870508934052743,0.0906313575427559,0.0882167334087201,0.091253240044844,0.0891738251437783,0.091234900367798,0.08912496831683,0.0895175747176477,0.089057604203294
41.4,0.0891894860278055,0.0879346610483257,0.089028731718698,0.0870161968635951,0.0871018886996193,0.0906787262756702,0.0882667610159407,0.0912954044207225,0.0892203069501772,0.0912738327393396,0.0891678826072369,0.089561635474438,0.0890986420826477
41.5,0.0892376134392049,0.0879761907844464,0.0890694578970799,0.0870613893665994,0.0871519037161212,0.090725096051703,0.0883155120083211,0.0913365945692011,0.0892661435147703,0.0913117643988674,0.0892098160904257,0.0896048069197455,0.0891386433425136
41.6,0.0892849085408251,0.088016720677454,0.0891092117566684,0.0871056076694092,0.0872009642538856,0.0907705005913867,0.0883629961722781,0.0913768531107759,0.0893113525251857,0.0913487446563964,0.0892508115333579,0.0896471300222983,0.0891776374022907
41.7,0.0893313992192169,0.0880562840961183,0.0891480368057858,0.0871488814416692,0.0872490961627171,0.0908149735156925,0.0884092242442108,0.091416222153609,0.0893559508027044,0.0913848222839503,0.0892909104503301,0.0896886446711907,0.0892156538229641
41.8,0.0893771133134998,0.0880949143628467,0.0891859761689831,0.0871912403936329,0.0872963253313452,0.0908585483216231,0.0884542079228532,0.091454743256606,0.08939995435652,0.0914200454318472,0.0893301531067362,0.0897293896724371,0.0892527222944813
41.9,0.089422078597084,0.0881326447376589,0.0892230725375326,0.0872327142599282,0.0873426776766351,0.0909012583589626,0.0884979598815253,0.0914924573956324,0.0894433784367552,0.0914544615514112,0.0893685785287631,0.0897694027507071,0.0892888726238369
42,0.0894663227602105,0.0881695084030406,0.0892593681228645,0.087273332784131,0.0873881791336579,0.0909431368081194,0.0885404937801856,0.091529404932786,0.0894862375860628,0.0914881173240536,0.0894062245182121,0.0898087205557307,0.0893241347239029
42.1,0.0895098733932858,0.0882055384495565,0.0892949046128634,0.0873131257040441,0.0874328556465695,0.0909842166589442,0.0885818242773487,0.0915656255884693,0.0895285456896902,0.0915210585966292,0.0894431276718588,0.0898473786727395,0.0893585386028336
42.2,0.0895527579709665,0.0882407678622233,0.0893297231308938,0.0873521227377029,0.0874767331602481,0.0910245306905453,0.0886219670419042,0.0916011584161722,0.0895703160238804,0.0915533303229026,0.0894793234046908,0.0898854116364642,0.0893921143541093
42.3,0.0895950038370259,0.0882752295074981,0.0893638641975593,0.0873903535700348,0.087519837612628,0.0910641114519861,0.0886609387647836,0.0916360417797546,0.0896115613026012,0.0915849765110238,0.0895148459764642,0.0899228529481843,0.0894248921471023
42.4,0.0896366381899139,0.0883089561208762,0.0893973676949764,0.0874278478401726,0.0875621949277077,0.0911029912438469,0.0886987571705902,0.0916703133331352,0.0896522937224707,0.0916160401768202,0.0895497285210382,0.0899597350953663,0.089456902218102
42.5,0.0896776880690653,0.0883419802950167,0.0894302728335733,0.0874646351293211,0.0876038310091028,0.0911412021006011,0.0887354410290971,0.0917040100021901,0.0896925250059402,0.0916465633026497,0.0895840030780041,0.0899960895734675,0.0894881748618253
42.6,0.0897181803418798,0.0883743344683868,0.089462618121236,0.0875007449492637,0.0876447717342236,0.0911787757737745,0.0887710101667408,0.0917371679687161,0.0897322664426367,0.0916765868017349,0.0896177006261942,0.0900319469095516,0.0895187404233473
42.7,0.0897581392187435,0.0884060479455887,0.0894944389572862,0.0875362036985611,0.0876850397935046,0.0912157408992893,0.0888054802235107,0.0917698203594589,0.0897715266329098,0.0917061484236382,0.0896508485791786,0.0900673345361073,0.0895486261223355
42.8,0.0897975915657868,0.0884371532845912,0.0895257728838017,0.0875710411394666,0.0877246613679711,0.0912521290595458,0.0888388735059738,0.0918020023163598,0.0898103162651125,0.091735287398251,0.0896834763040977,0.0901022815201877,0.0895778628209194
42.9,0.0898365662570201,0.088467685514817,0.0895566586711728,0.0876052896824939,0.0877636655042931,0.0912879740199779,0.0888712184703442,0.0918337501530351,0.0898486478992391,0.0917640434849303,0.089715614463381,0.0901368179022276,0.0896064842851057
43,0.0898750893488421,0.0884976763467759,0.0895871317295876,0.0876389784537235,0.087802077924512,0.0913233062360986,0.0889025393152834,0.0918650969295149,0.0898865314648215,0.091792453030222,0.0897472901263938,0.0901709705719501,0.0896345209877504
43.1,0.0899131866704132,0.0885271572856145,0.0896172266441905,0.0876721364597548,0.0878399243018725,0.0913581558064076,0.0889328613535389,0.0918960749083179,0.0899239766402539,0.0918205512058854,0.0897785294853365,0.0902047655850947,0.0896620034163189
43.2,0.0899508838146958,0.0885561596220405,0.0896469771565795,0.0877047925792288,0.0878772302573984,0.0913925524596415,0.0889622110233818,0.0919267155484587,0.0899609928838592,0.0918483720009197,0.0898093578925705,0.0902382281913238,0.0896889620665677
43.3,0.0899882061301271,0.088584714423499,0.0896764161480388,0.0877369755548184,0.0879140213568557,0.0914265255427199,0.0889906159001052,0.091957049500712,0.0899975894634617,0.0918759482174021,0.0898397998976525,0.0902713828620515,0.089715427436459
43.4,0.0900251787129522,0.0886128525256615,0.0897055756244195,0.0877687139856685,0.0879503231078997,0.0914601040092722,0.0890181047075379,0.0919871066040925,0.0900337754844703,0.0919033114697931,0.0898698792839474,0.0903042533180131,0.0897414300202423
43.5,0.0900618264001715,0.0886406045242056,0.0897344867025508,0.0878000363202714,0.0879861609575393,0.0914933164088034,0.0890447073296815,0.0920169158834527,0.0900695599166205,0.0919304921875581,0.0898996191046266,0.0903368625564523,0.0897670003027339
43.6,0.0900981737631394,0.088668000766856,0.0897631795981241,0.0878309708497726,0.0880215602897618,0.091526190876474,0.0890704548223834,0.0920465055481196,0.0901049516193959,0.0919575196207966,0.0899290417179149,0.0903692328777951,0.0897921687537132
43.7,0.0901342451017985,0.0886950713457707,0.0897916836149638,0.0878615457017209,0.0880565464233873,0.0915587551234892,0.089095379425107,0.0920759029915276,0.0901399593662528,0.0919844218487725,0.0899581688215254,0.0904013859117291,0.0898169658224996
43.8,0.0901700644395193,0.0887218460901537,0.0898200271356231,0.087891788834202,0.0880911446101046,0.0915910364281368,0.0891195145727958,0.0921051347917538,0.0901745918676548,0.0920112257909892,0.0899870214860915,0.0904333426425717,0.0898414219326403
43.9,0.0902056555185749,0.0887483545592038,0.0898482376132081,0.0879217280304177,0.0881253800326422,0.0916230616274285,0.0891428949078584,0.0921342267129302,0.0902088577930681,0.092037957220757,0.0900156201876366,0.0904651234338633,0.0898655674767246
44,0.0902410417962426,0.088774626035341,0.0898763415643614,0.0879513908936598,0.0881592778031235,0.091654857109358,0.0891655562922191,0.0921632037074439,0.0902427657919756,0.0920646407809191,0.0900439848388685,0.0904967480521692,0.0898894328113138
44.1,0.0902762464415046,0.0888006895177733,0.0899043645633833,0.0879808048426927,0.0881928629615169,0.091686448805854,0.0891875358195347,0.0921920899189405,0.0902763245139411,0.0920913000016665,0.0900721348193848,0.0905282356899978,0.0899130482519581
44.2,0.0903112923323515,0.0888265737163563,0.0899323312373699,0.0880099971075259,0.0882261604742423,0.0917178621863094,0.0892088718274733,0.0922209086860108,0.0903095426278685,0.0921179573201705,0.0901000890046582,0.0905596049878191,0.0899364440683762
44.3,0.0903462020537048,0.0888523070457846,0.0899602652623213,0.0880389947255846,0.088259195232862,0.0917491222518143,0.089229603910161,0.0922496825465825,0.0903424288404773,0.0921446341019428,0.090127865793781,0.0905908740551781,0.0899596504796442
44.4,0.0903809978959169,0.0888779176201628,0.0899881893601914,0.0880678245382789,0.0882919920528892,0.0917802535300332,0.0892497729307067,0.0922784332429797,0.0903749919140946,0.0921713506636894,0.0901554831359837,0.0906220604908866,0.0899826976495481
44.5,0.0904157018538627,0.0889034332478748,0.0900161252967915,0.0880965131879453,0.0883245756726755,0.0918112800707497,0.0892694210338898,0.0923071817275623,0.0904072406838174,0.0921981262975761,0.0901829585558757,0.0906531814022859,0.0900056156819899
44.6,0.0904503356266081,0.0889288814268601,0.0900440938805104,0.0881250871151493,0.0883569707523869,0.0918422254420809,0.0892885916589271,0.0923359481689963,0.0904391840741319,0.0922249792967178,0.0902103091773956,0.090684253423594,0.0900284346165174
44.7,0.0904849206176588,0.0889542893402625,0.0900721149617793,0.0881535725564083,0.0883892018730924,0.0918731127273945,0.089307329552392,0.092364751959088,0.0904708311150313,0.0922519269818172,0.0902375517464993,0.0907152927333505,0.0900511844239211
44.8,0.0905194779357322,0.0889796838524566,0.0901002074332854,0.0881819955422217,0.0884212935358516,0.0919039645229141,0.0893256807812318,0.0923936117201535,0.0905021909577102,0.0922789857287245,0.0902647026525607,0.0907463150710101,0.0900738950019104
44.9,0.0905540283961133,0.0890050915054924,0.0901283892308253,0.0882103818954955,0.0884532701609688,0.091934802935998,0.0893436927458905,0.0924225453129329,0.0905332728898972,0.0923061709969105,0.0902917779484981,0.0907773357526633,0.0900965961709253
45,0.0905885925225334,0.0890305385159302,0.0901566773347942,0.088238757230324,0.0884851560872442,0.0919656495841618,0.0893614141935686,0.092451569845015,0.0905640863508743,0.092333497358743,0.0903187933696654,0.0908083696859956,0.0901193176700111
45.1,0.0906231905495628,0.0890560507721366,0.0901850877722613,0.0882671469510669,0.0885169755713192,0.0919965255947589,0.0893788952315366,0.092480701679748,0.0905946409462118,0.0923609785293731,0.090345764351437,0.0908394313844367,0.0901420891527868
45.2,0.090657843144574,0.089081654967348,0.0902136371045575,0.0882955768825901,0.0885487526066653,0.0920274522915623,0.0893961860007714,0.0925099577960299,0.0906249441171797,0.0923886291592273,0.090372705903204,0.0908705355252984,0.0901649412496308
45.3,0.0906925696268858,0.0891073756704949,0.0902423382293847,0.0883240718542065,0.0885805119260338,0.0920584495157027,0.089413341752127,0.0925393520201074,0.0906550083865368,0.0924164597970489,0.09039963333228,0.0909016955866287,0.0901879029304778
45.4,0.0907273893752388,0.089133237763869,0.090271204305045,0.0883526566332027,0.0886122775339372,0.0920895369157358,0.0894304167940606,0.0925688985210307,0.0906848439518083,0.0924444817504989,0.0904265612609753,0.0909329249677347,0.0902110035667316
45.5,0.0907623214939644,0.0891592657950923,0.0903002475501633,0.0883813557768645,0.0886440733507627,0.0921207336561317,0.0894474668497973,0.0925986107644488,0.0907144612347603,0.0924727055958883,0.0904535040705467,0.0909642367243837,0.0902342724291778
45.6,0.0907973848177798,0.0891854839766077,0.0903294792482026,0.0884101936332588,0.0886759232124224,0.0921520584205679,0.0894645490710617,0.0926285015238599,0.0907438708955807,0.092501141210279,0.0904804759129217,0.090995643580081,0.0902577386845263
45.7,0.0908325979170819,0.0892119161857326,0.0903589097523578,0.0884391943422164,0.0887078508701233,0.0921835294159452,0.0894817220518265,0.092658582892343,0.0907730838470312,0.0925297978037477,0.090507490721283,0.0910271579370016,0.0902814313920135
45.8,0.0908679791036113,0.0892385859651282,0.0903885484908422,0.0884683818366221,0.0887398799901809,0.0922151643770752,0.0894990458420713,0.0926888662946307,0.0908021112686504,0.0925586839519048,0.0905345622196511,0.091058791886646,0.0903053795001809
45.9,0.0909035464365338,0.0892655165237707,0.0904184039725199,0.088497779843993,0.0887720341539011,0.0922469805721053,0.0895165819615922,0.0927193624996826,0.0908309646210297,0.0925878076284857,0.0905617039314418,0.0910905572202883,0.0903296118437607
46,0.0909393177289324,0.0892927307383875,0.0904484837928324,0.0885274118883168,0.0888043368575804,0.0922789948086009,0.0895343934137889,0.0927500816336308,0.0908596556601769,0.0926171762380552,0.0905889291870592,0.091122465439431,0.0903541571406899
46.1,0.0909753105546256,0.0893202511553735,0.0904787946400656,0.0885573012921242,0.0888368115125173,0.0923112234403187,0.0895525446994245,0.0927810331931403,0.0908881964519574,0.092646796648786,0.090616251130595,0.0911545277661687,0.0903790439892701
46.2,0.091011542255391,0.0893480999931943,0.0905093423018909,0.0885874711788336,0.0888694814451965,0.0923436823746614,0.0895711018303928,0.0928122260591809,0.0909165993867555,0.0926766752252214,0.0906436827256656,0.0911867551537446,0.0904043008654549
46.3,0.0910480299484945,0.0893762991452405,0.0905401316721653,0.0886179444753058,0.0889023698974826,0.092376387080778,0.0895901323433967,0.0928436685111796,0.090944877194225,0.0927068178610115,0.0906712367604755,0.0912191582973441,0.0904299561203133
46.4,0.0910847905345344,0.0894048701831759,0.0905711667580015,0.0886487439146484,0.0889355000269635,0.0924093525983191,0.0896097053135627,0.0928753682415728,0.0909730429582344,0.0927372300116659,0.0906989258521234,0.0912517476451529,0.0904560379776081
46.5,0.0911218407056272,0.0894338343607536,0.0906024506870824,0.0886798920392233,0.0889688949073611,0.0924425935468367,0.0896298913680122,0.0929073323707374,0.0910011101320144,0.0927679167271872,0.0907267624502798,0.0912845334099618,0.0904825745315655
46.6,0.0911591969538691,0.0894632126180721,0.0906339857151935,0.0887114112038654,0.0890025775290566,0.0924761241357852,0.0896507626992714,0.0929395674622879,0.0910290925535231,0.0927988826846558,0.0907547588403355,0.0913175255812795,0.0905095937447812
46.7,0.0911968755800457,0.0894930255863284,0.0906657732340013,0.0887433235793054,0.0890365707997134,0.0925099581751602,0.0896723930786111,0.0929720795387669,0.091057004460979,0.0928301322206701,0.0907829271459786,0.0913507339381709,0.0905371234463017
46.8,0.0912348927026612,0.0895232935929876,0.0906978137790075,0.0887756511557824,0.0890708975450435,0.0925441090866878,0.0896948578692072,0.0930048740976856,0.0910848605086986,0.0928616693637043,0.0908112793315241,0.0913841680628674,0.09056519132989
46.9,0.0912732642671476,0.0895540366674165,0.0907301070377323,0.0888084157468432,0.0891055805096447,0.0925785899156325,0.0897182340391669,0.0930379561279054,0.0911126757830855,0.0928934978662947,0.0908398272038719,0.0914178373553131,0.0905938249524327
47,0.0913120060553635,0.0895852745469708,0.0907626518581034,0.0888416389933341,0.0891406423579893,0.0926134133431309,0.0897426001743555,0.0930713301263995,0.0911404658189157,0.0929256212370997,0.0908685824144077,0.0914517510487532,0.0906230517325795
47.1,0.0913511336952851,0.0896170266834738,0.0907954462570097,0.0888753423675253,0.0891761056755466,0.0926485916990865,0.0897680364910421,0.0931050001153499,0.0911682466158826,0.0929580427727925,0.090897556460845,0.0914859182264619,0.0906528989495029
47.2,0.0913906626709062,0.0896493122501704,0.0908284874290662,0.0889095471774425,0.0892119929700211,0.0926841369755824,0.0897946248482798,0.093138969659549,0.0911960346553256,0.0929907655897445,0.0909267606892594,0.0915203478397052,0.090683393741911
47.3,0.0914306083323292,0.0896821501490464,0.0908617717555674,0.0889442745713494,0.0892483266727268,0.0927200608407831,0.0898224487600941,0.0931732418841981,0.0912238469172913,0.0930237926555895,0.0909562062964167,0.0915550487270839,0.0907145631071983
47.4,0.0914709859060678,0.0897155590185808,0.0908952948135887,0.0889795455423625,0.0892851291401358,0.092756374653361,0.08985159340738,0.0932078194929428,0.0912517008977804,0.093057126820528,0.0909859043325338,0.091590029635308,0.0907464339008507
47.5,0.0915118105054748,0.0897495572419235,0.0909290513853254,0.0890153809332534,0.08932242265552,0.0927930894773545,0.0898821456495025,0.0932427047863063,0.0912796146263069,0.0930907708485135,0.0910158657048305,0.0916252992415068,0.0907790328360034
47.6,0.0915530994794275,0.0897841660210926,0.0909630365498266,0.0890518044103993,0.0893602320553605,0.092830218167761,0.0899142018115138,0.0932779012057285,0.0913076071613384,0.0931247289935019,0.0910461025776665,0.0916608676768488,0.0908123903123768
47.7,0.0915948679609978,0.0898194035093876,0.0909972434193954,0.0890888368253432,0.0893985798006109,0.0928677713939358,0.0899478534695269,0.0933134103192343,0.091335697937633,0.0931590039782406,0.0910766257379682,0.0916967436769569,0.0908465331370976
47.8,0.0916371285200408,0.0898552843907248,0.0910316633129331,0.0891264957260433,0.0894374854466842,0.0929057574033725,0.089983185291542,0.0933492318040796,0.0913639063244709,0.0931935969609788,0.091107444346572,0.0917329344029231,0.0908814838896624
47.9,0.0916798959233685,0.0898918261101209,0.0910662879088305,0.0891648014010959,0.0894769710022735,0.0929441862330722,0.0900202910094028,0.0933853665296243,0.0913922526835387,0.0932285106697236,0.0911385687914082,0.0917694485114895,0.0909172687097685
48,0.0917231848795794,0.0899290459040531,0.0911011081403507,0.0892037740150412,0.0895170584137782,0.0929830677067954,0.0900592660867235,0.0934218150592883,0.0914207580021865,0.0932637478998037,0.0911700093530805,0.0918062947275522,0.0909539135958598
48.1,0.0917670100503651,0.0899669608108315,0.0911361142060753,0.089243433613974,0.0895577695679732,0.0930224114523993,0.0901002077282671,0.0934585776706933,0.0914494439124313,0.0932993115436604,0.0912017762173173,0.0918434818767777,0.0909914444059836
48.2,0.0918113860619496,0.0900055876813048,0.0911712955805996,0.089283800131363,0.0895991262948641,0.0930622269194836,0.0901432148888805,0.0934956543760616,0.0914783327102473,0.0933352046204141,0.09123387948984,0.091881018919858,0.0910298868589426
48.3,0.0918563275165875,0.090044943189945,0.0912066410254185,0.089324893393942,0.0896411503707599,0.0931025233973867,0.0901883882819493,0.0935330449429017,0.0915074473750364,0.0933714303052075,0.0912663292139225,0.091918914988493,0.0910692665356142
48.4,0.0919018490042066,0.0900850438461913,0.0912421386000573,0.0893667331277661,0.0896838635214908,0.093143310033464,0.0902358303873809,0.0935707489148803,0.0915368115893364,0.093407991958239,0.0912991353909035,0.0919571794228977,0.0911096088805162
48.5,0.0919479651141353,0.0901259060061656,0.0912777756733967,0.0894093389644421,0.0897272874258602,0.0931845958516933,0.0902856454590411,0.0936087656330086,0.0915664497587703,0.0934448931536109,0.0913323080039899,0.0919958218108347,0.0911509392036601
48.6,0.091994690446915,0.0901675458846776,0.0913135389353073,0.0894527304474229,0.08977144371928,0.093226389771521,0.0903379395316515,0.0936470942570025,0.0915963870321486,0.0934821377078501,0.0913658570455659,0.0920348520279603,0.0911932826825853
48.7,0.0920420396262285,0.0902099795675486,0.0913494144084695,0.0894969270385517,0.0898163539976054,0.0932687006270001,0.0903928204271314,0.0936857337869128,0.0916266493218152,0.0935197297082047,0.0913997925483194,0.0920742802794463,0.0912366643646725
48.8,0.0920900273108792,0.0902532230242415,0.0913853874605157,0.089541948124657,0.0898620398211923,0.0933115371861571,0.090450397760329,0.0937246830849408,0.0916572633241621,0.0935576735406426,0.0914341246204053,0.0921141171425847,0.0912811091696868
48.9,0.0921386682068883,0.0902972921207828,0.0914214428164292,0.089587813024374,0.0899085227191498,0.0933549081705978,0.0905107829441506,0.0937639408974877,0.0916882565403433,0.0935959739175739,0.0914688634848495,0.0921543736102838,0.0913266418926048
49,0.0921879770796497,0.0903422026329833,0.0914575645712416,0.0896345409950779,0.0899558241938168,0.0933988222753451,0.0905740891940329,0.0938035058774058,0.0917196572971416,0.0936346359052812,0.0915040195233935,0.0921950611351835,0.0913732872066447
49.1,0.0922379687661802,0.0903879702599623,0.091493736203041,0.0896821512400158,0.0900039657254466,0.0934432881888592,0.090640431531759,0.0938433766064429,0.0917514947680246,0.0936736649510445,0.0915396033248852,0.0922361916741967,0.0914210696666054
49.2,0.0922886581874387,0.0904346106379526,0.0915299405863233,0.0897306629155728,0.0900529687771293,0.0934883146132863,0.0907099267885862,0.0938835516178786,0.0917837989943474,0.0937130669099628,0.0915756257383752,0.0922777777331784,0.0914700137124174
49.3,0.0923400603607092,0.0904821393543958,0.0915661600056666,0.0897800951387265,0.0901028547998972,0.093533910284861,0.0907826936076457,0.0939240294193525,0.0918166009066918,0.093752848071449,0.0916120979308132,0.0923198324115019,0.0915201436729887
49.4,0.0923921904120816,0.0905305719623338,0.091602376169779,0.0898304669946838,0.0901536452381148,0.0935800839944998,0.0908588524456099,0.0939648085158732,0.0918499323463681,0.0937930151854034,0.0916490314494347,0.09236236944627,0.0915714837703106
49.5,0.0924450635890027,0.0905799239950826,0.091638570225945,0.0898817975446961,0.0902053615350225,0.0936268446085465,0.090938525573602,0.0940058874329807,0.0918838260870172,0.0938335754880325,0.0916864382886087,0.0924054032558127,0.0916240581237942
49.6,0.0924986952728484,0.0906302109811833,0.0916747227748471,0.0899341058340539,0.0902580251385809,0.0936742010896803,0.0910218370772913,0.0940472647401051,0.0919183158563496,0.0938745367273256,0.0917243309610191,0.0924489489822699,0.0916778907549329
49.7,0.0925531009916467,0.0906814484596656,0.0917108138858329,0.0899874109002899,0.0903116575074842,0.0937221625179431,0.0911089128562007,0.0940889390740514,0.0919534363579829,0.0939159071881504,0.091762722572807,0.0924930225329143,0.0917330055921778
49.8,0.0926082964327835,0.0907336519955656,0.0917468231126315,0.0900417317816058,0.0903662801174392,0.0937707381119302,0.0911998806221468,0.0941309091626615,0.0919892232933567,0.093957695716949,0.0918016269023132,0.0925376406199322,0.0917894264761274
49.9,0.0926642974558245,0.0907868371957523,0.0917827295095377,0.0900970875254438,0.0904219144676609,0.093819937250076,0.0912948698968495,0.0941731738486132,0.0920257133837701,0.0939999117460945,0.0918410584819139,0.0925828207984109,0.0918471771649561
50,0.0927211201054194,0.0908410197250659,0.0918185116481022,0.0901534971973378,0.0904785820876082,0.093869769492067,0.0913940120086048,0.0942157321133567,0.0920629443924541,0.094042565317731,0.0918810326823601,0.0926285815022501,0.0919062813401487
