"Freq [GHz]","dB(St(2,1)) [] - g_pillar_position='49.5um'","dB(St(2,1)) [] - g_pillar_position='62um'","dB(St(2,1)) [] - g_pillar_position='74.5um'","dB(St(2,1)) [] - g_pillar_position='87um'","dB(St(2,1)) [] - g_pillar_position='99.5um'","dB(St(2,1)) [] - g_pillar_position='112um'","dB(St(2,1)) [] - g_pillar_position='124.5um'","dB(St(2,1)) [] - g_pillar_position='137um'","dB(St(2,1)) [] - g_pillar_position='149.5um'","dB(St(2,1)) [] - g_pillar_position='162um'","dB(St(2,1)) [] - g_pillar_position='174.5um'","dB(St(2,1)) [] - g_pillar_position='187um'","dB(St(2,1)) [] - g_pillar_position='199.5um'"
1,-0.105616436001132,-0.104855482840469,-0.105577653787336,-0.104455283503203,-0.104596950943396,-0.106578353671833,-0.105645671177965,-0.107486822903945,-0.106337328951064,-0.107971220594347,-0.106358253480476,-0.107157668035398,-0.107543274656044
1.1,-0.107904128254621,-0.107026119019952,-0.107679746556695,-0.106503825260057,-0.106612700279004,-0.108926966045051,-0.108193454914247,-0.109793836949451,-0.1085404129575,-0.110326888106962,-0.108579575264495,-0.109461206434711,-0.109585401010521
1.2,-0.109845781484786,-0.108859174380882,-0.109451690384215,-0.108227340183105,-0.108305185536851,-0.110925246329439,-0.110433361457677,-0.111737270748372,-0.110415837740967,-0.112339974911814,-0.110471897448493,-0.111428381248352,-0.111296859209988
1.3,-0.111511278948655,-0.110424841751929,-0.110967073959344,-0.109698540079369,-0.109747374605056,-0.11264221538899,-0.11240110241679,-0.113391750522337,-0.112028868483451,-0.114076012661597,-0.112098782735798,-0.113122523785977,-0.112754628476877
1.4,-0.112957976692668,-0.111779978037862,-0.112283950078736,-0.110974519331838,-0.110996429504077,-0.114135019404687,-0.114133641677177,-0.114818187624464,-0.113433288432731,-0.115589981236616,-0.113513161707795,-0.114596930155161,-0.114018027814585
1.5,-0.114231964768476,-0.112969796080334,-0.113447531202667,-0.112099576869969,-0.112096610486853,-0.11544989752471,-0.115665721236868,-0.116065663545349,-0.1146723615267,-0.116926797216883,-0.114758025378348,-0.115895251927544,-0.115132390947224
1.6,-0.115369891333215,-0.114029932188073,-0.114492844327656,-0.113107922732067,-0.11308203600597,-0.116623829839629,-0.117028401998839,-0.117173651741344,-0.115780476319256,-0.118122649419113,-0.115867846974551,-0.117052731482526,-0.116132284783212
1.7,-0.11640076859903,-0.114988382767084,-0.115447000788612,-0.114025962462263,-0.11397899985511,-0.117686241273478,-0.118248676295928,-0.118173977997404,-0.116784835535926,-0.119206500265409,-0.116870105866593,-0.11809761929598,-0.117044096821649
1.8,-0.11734754782067,-0.115867144387332,-0.116331019723026,-0.114874117677576,-0.114807810509103,-0.118660519258631,-0.119349613717138,-0.119092309551152,-0.117706948207659,-0.120201473561895,-0.117786666393084,-0.119052497376191,-0.117888033375193
1.9,-0.118228414281327,-0.116683536860172,-0.117161248237316,-0.115668235971125,-0.115584210816134,-0.119565277785549,-0.120350742389349,-0.119949186263198,-0.118563859897717,-0.121126036307302,-0.118634937162392,-0.119935414268375,-0.118679632666956
2,-0.119057819886359,-0.117451243817893,-0.117950450209351,-0.11642066718382,-0.116320458544052,-0.120415374356554,-0.121268507233297,-0.120760742778894,-0.119369131524801,-0.121994964392321,-0.11942881016143,-0.120760817690109,-0.11943090029133
2.1,-0.119847293152423,-0.118181120321841,-0.118708634966073,-0.117141079717052,-0.11702614375056,-0.12122271307429,-0.122116725474848,-0.12153931382628,-0.12013360362094,-0.122820114394157,-0.120179406520616,-0.121540303335844,-0.120151158791412
2.2,-0.12060606934173,-0.118881815744686,-0.119443686528686,-0.117837078617199,-0.117708806171401,-0.121996872773009,-0.122907003040836,-0.122294059127973,-0.120865987578855,-0.123611033144447,-0.120895662626127,-0.122283208553763,-0.120847683781399
2.3,-0.121341579035841,-0.119560253239751,-0.120161841801447,-0.118514674137118,-0.118374402231577,-0.122745596248354,-0.123649098550696,-0.123031635617062,-0.121573321547355,-0.124375436420446,-0.121584788572125,-0.122997080022889,-0.121526181643062
2.4,-0.122059826864835,-0.120221999106656,-0.12086805497273,-0.119178638031112,-0.119027659469951,-0.123475171002895,-0.1243512333278,-0.123756858485051,-0.122261322125516,-0.125119584133468,-0.122252626301123,-0.123688041222309,-0.122191149790931
2.5,-0.122765685620244,-0.12087154806835,-0.12156627632258,-0.119832775619028,-0.119672346715304,-0.124190725985952,-0.125020351328789,-0.124473272219422,-0.122934656453954,-0.12584857453915,-0.122903929640566,-0.124361081123708,-0.122846149750976
2.6,-0.123463125378016,-0.121512544425149,-0.122259666566651,-0.120480134543745,-0.120311481097939,-0.124896463523324,-0.125662335035861,-0.125183584649078,-0.123597153644044,-0.126566575423267,-0.123542583777029,-0.125020281320692,-0.123494015280889
2.7,-0.124155392712992,-0.122147954265844,-0.12295076250689,-0.121123165788115,-0.120947487537307,-0.125595841270705,-0.126282183802026,-0.125889961484378,-0.124251969935292,-0.127277006321199,-0.124171777813805,-0.125668995159337,-0.124137011865336
2.8,-0.124845151520516,-0.122780200227244,-0.123641605750191,-0.121763848530277,-0.121582322309281,-0.126291715560602,-0.126884160773395,-0.126594208076411,-0.124901718445789,-0.12798268267221,-0.124794140941207,-0.126309989445704,-0.124776959614132
2.9,-0.125534594215294,-0.123411267490638,-0.124333843278804,-0.122403787467971,-0.122217569320626,-0.126986454819245,-0.127471913812667,-0.127297873755996,-0.125548571704992,-0.128685930320984,-0.125411850315643,-0.126945556930804,-0.125415328454101
3,-0.126225529986009,-0.124042787591107,-0.125028806451967,-0.123044289066674,-0.122854515528273,-0.127682029660371,-0.128048575059046,-0.12800230948172,-0.126194343149782,-0.129388676848063,-0.126026716867669,-0.127577605917699,-0.12605331221808
3.1,-0.126919455199431,-0.124676105028418,-0.125727573386508,-0.123686421580665,-0.123494210328913,-0.128380084681044,-0.128616843001352,-0.128708700327862,-0.126840552264292,-0.130092524725652,-0.126640253824132,-0.128207731900165,-0.126691886562676
3.2,-0.12761760984983,-0.125312330477274,-0.126431018454571,-0.124331062508177,-0.124137512554745,-0.12908199577914,-0.129179050263358,-0.129418085797014,-0.127488476924299,-0.130798810157971,-0.127253731634739,-0.128837275037296,-0.127331854419868
3.3,-0.128321023043615,-0.125952383499962,-0.127139851737332,-0.124978936259946,-0.124785127830525,-0.12978891589581,-0.129737219719455,-0.130131374852682,-0.128139195669739,-0.131508650595787,-0.127868222158705,-0.129467366419891,-0.127973881783315
3.4,-0.129030549823789,-0.126597026990704,-0.127854650602541,-0.125630644163577,-0.125437638392241,-0.13050181139462,-0.130293111072677,-0.130849358874388,-0.128793622001029,-0.132222983249645,-0.128484634330094,-0.130098965432663,-0.128618525960264
3.5,-0.129746937500403,-0.127246923297868,-0.128575918517202,-0.126286711780183,-0.126095555334029,-0.13122152736752,-0.130848262620688,-0.131572753070194,-0.129452557577041,-0.132942625592064,-0.129103759535443,-0.130732904880769,-0.129266275045353
3.6,-0.130470784428489,-0.127902606799855,-0.129304043098208,-0.126947566560276,-0.126759285968634,-0.131948744848499,-0.131404034624436,-0.132302156775643,-0.130116672722505,-0.133668250673367,-0.129726270303147,-0.131369894538537,-0.129917536381787
3.7,-0.131202546300618,-0.128564490134172,-0.130039303779026,-0.127613543426568,-0.12742913998402,-0.132683982198694,-0.13196160475723,-0.133038050484804,-0.130786509686379,-0.134400392525203,-0.13035272383587,-0.132010524747476,-0.13057264121965
3.8,-0.131942629785987,-0.12923293968661,-0.130781955000253,-0.128284946859773,-0.12810540162418,-0.133427686270522,-0.132522005832483,-0.133780868824384,-0.131462553233819,-0.135139526443555,-0.130983615168581,-0.132655317323366,-0.131231892858133
3.9,-0.132691372494837,-0.129908262229434,-0.131532205338886,-0.128962039423468,-0.128788313343778,-0.134180208817657,-0.133086148301682,-0.134530983432759,-0.132145221198721,-0.135886056995053,-0.131619376449478,-0.133304727276304,-0.131895560160867
4,-0.133449054176066,-0.130590715077867,-0.132290226229029,-0.129645049683231,-0.129478084028079,-0.134941814331783,-0.133654836367845,-0.13528871138437,-0.132834874940659,-0.136640329554885,-0.132260387255071,-0.133959153646134,-0.132563884443204
4.1,-0.134215906015842,-0.131280514466352,-0.133056159040152,-0.130334178567288,-0.130174895724635,-0.135712687190076,-0.134228781653392,-0.136054322681652,-0.133531828013665,-0.137402639830182,-0.132906983042195,-0.134618948389312,-0.133237084898911
4.2,-0.134992118375178,-0.131977842466167,-0.133830120817988,-0.131029604467199,-0.13087890919279,-0.136492939397391,-0.134808614828581,-0.136828046844011,-0.134236353363395,-0.13817324172932,-0.133559462079206,-0.135284423675801,-0.133915362858308
4.3,-0.135777847239168,-0.132682852703372,-0.134612208933383,-0.131731487317728,-0.131590268522597,-0.137282620047952,-0.135394895533967,-0.137610078650062,-0.134948689309413,-0.138952353869367,-0.134218091132835,-0.135955857885614,-0.134598905111134
4.4,-0.13657321959892,-0.13339567508685,-0.135402504837408,-0.13243997184922,-0.132309105032173,-0.138081727199,-0.135988120871656,-0.138400583104063,-0.135669044521939,-0.139740164959191,-0.134883110135135,-0.136633500540087,-0.135287886481133
4.5,-0.137378337946263,-0.134116419717106,-0.136201077083632,-0.133155190168289,-0.133035540619474,-0.138890222145524,-0.136588732692368,-0.139199699703909,-0.136397602164198,-0.140536838252525,-0.135554736013243,-0.137317576358929,-0.135982471802785
4.6,-0.138193284028613,-0.134845180115252,-0.137007983748838,-0.133877263793809,-0.133769690716798,-0.139708045243271,-0.137197123866274,-0.140007546088409,-0.137134523341109,-0.141342515229982,-0.13623316583104,-0.138008288598967,-0.136682817421327
4.7,-0.139018121985104,-0.135582035886663,-0.137823274359506,-0.1346063052511,-0.134511666970891,-0.140535131696317,-0.137813643693858,-0.140824221138594,-0.137879949970304,-0.1421573186411,-0.136918579364924,-0.138705821802128,-0.137389072313818
4.8,-0.139852900964191,-0.136327054913679,-0.138646991412379,-0.135342419308644,-0.135261579743992,-0.141371425379549,-0.138438602587033,-0.141649807602334,-0.138634007171546,-0.142981355014419,-0.137611141213864,-0.139410344057132,-0.138101378910478
4.9,-0.140697657305537,-0.137080295155471,-0.139479171561715,-0.136085703926001,-0.1360195404937,-0.142216888968941,-0.139072276129255,-0.142484374305604,-0.13939680525412,-0.143814716725135,-0.138311002526218,-0.140122008860774,-0.138819873679971
5,-0.141552416355464,-0.137841806119888,-0.140319846533329,-0.136836250969288,-0.136785664033809,-0.143071509357784,-0.139714908605841,-0.143327978006733,-0.14016844136868,-0.144657483694553,-0.139018302411204,-0.14084095664948,-0.139544687530526
5.1,-0.142417193973597,-0.138611630061376,-0.141169043815159,-0.137594146740377,-0.137560070588622,-0.143935298295921,-0.140366716081126,-0.144180664944106,-0.140949000878754,-0.145509724783297,-0.139733169091142,-0.141567316059312,-0.140275946068554
5.2,-0.143291997779221,-0.139389802950051,-0.142026787165612,-0.138359472357604,-0.138342887412775,-0.14480828907254,-0.14102788908706,-0.145042472121152,-0.141738558498275,-0.146371498929685,-0.140455720840746,-0.142301204962562,-0.141013769748425
5.3,-0.144176828178109,-0.140176355249909,-0.142893096973991,-0.139132304019015,-0.139134249536991,-0.145690530612132,-0.141698594977808,-0.145913428367342,-0.142537179233835,-0.147242856076481,-0.141186066751832,-0.143042731320534,-0.141758273940555
5.4,-0.145071679204185,-0.140971312537805,-0.143767990501492,-0.139912713173618,-0.139934298907711,-0.146582080477986,-0.142378979996651,-0.146793555208666,-0.143344919164259,-0.148123837922034,-0.141924307355097,-0.143791993885476,-0.142509568939499
5.5,-0.14597653920523,-0.141774695990068,-0.14465148202653,-0.140700766621271,-0.140743180838141,-0.147482998051718,-0.143069171094439,-0.147682867576647,-0.144161826084747,-0.149014478525998,-0.142670535125327,-0.144549082778705,-0.143267759929453
5.6,-0.146891391397222,-0.142586522759225,-0.145543582914121,-0.141496526558351,-0.141561036381189,-0.148393338742889,-0.143769277533179,-0.148581374381074,-0.14498794003854,-0.14991480479504,-0.143424834891638,-0.145314079967446,-0.144032946920897
5.7,-0.1478162143084,-0.143406806259946,-0.146444301625746,-0.14230005058291,-0.142387989210807,-0.149313149642645,-0.144479392303176,-0.149489078968106,-0.145823293755507,-0.15082483686978,-0.144187284170879,-0.146087059658956,-0.144805224669289
5.8,-0.148750982130873,-0.144235556380128,-0.14735364368328,-0.143111391670572,-0.143224126274257,-0.15024246667842,-0.145199593378464,-0.150405979482426,-0.146667913013801,-0.15174458843078,-0.144957953439034,-0.146868088627384,-0.14558468258436
5.9,-0.149695664995035,-0.145072779630903,-0.148271611598396,-0.143930598130221,-0.144069473357397,-0.151181313096458,-0.145929944831292,-0.151332069149516,-0.147521816938305,-0.152674066938649,-0.145736906352904,-0.147657226486003,-0.146371404636421
6,-0.150650325694443,-0.145918562350697,-0.149198289303124,-0.144757791465347,-0.144924058178167,-0.15212979249361,-0.146670598226128,-0.15226742631628,-0.148385109465307,-0.153613369157352,-0.146524282198203,-0.148454606381034,-0.147165541961629
6.1,-0.15161482951139,-0.146772821393865,-0.150133588320423,-0.145592933208041,-0.14578762336226,-0.153087808283811,-0.147421492836215,-0.15321194474738,-0.149257705904084,-0.154562395093003,-0.147320050093814,-0.149260194546089,-0.147967095978614
6.2,-0.152589135350365,-0.147635553500717,-0.151077501393872,-0.146436057160348,-0.146659899967295,-0.154055345200308,-0.14818265626562,-0.154165603877495,-0.150139606573151,-0.155521134343272,-0.148124254037148,-0.15007403016431,-0.148776133653417
6.3,-0.153573198614786,-0.148506752226493,-0.152030017787257,-0.147287192200805,-0.147540545311966,-0.155032376845503,-0.148954105616251,-0.155128378801626,-0.151030805907751,-0.156489570812365,-0.148936931777761,-0.150896145990243,-0.149592716189592
6.4,-0.154566971255331,-0.149386407925063,-0.15299112315209,-0.148146362222605,-0.14842919516566,-0.156018866765709,-0.149735848121884,-0.156100240327806,-0.151931292581018,-0.157467682773292,-0.149758114910869,-0.151726568473904,-0.150416898973729
6.5,-0.155570401795846,-0.150274507718491,-0.153960799396699,-0.14901358607762,-0.149325525904062,-0.157014769509818,-0.150527881719427,-0.157081155007982,-0.152841049608538,-0.158455442915128,-0.150587828960668,-0.15256531787145,-0.151248731533405
6.6,-0.156583435341682,-0.151171035456634,-0.154939024559675,-0.149888877527854,-0.150229306181471,-0.158020031610725,-0.151330195565085,-0.158071085152417,-0.153760054440187,-0.159452818379402,-0.151426093456573,-0.15341240834565,-0.152088257507803
6.7,-0.157606013574809,-0.152075971669993,-0.155925772689558,-0.150772245205306,-0.151140422006575,-0.15903459245836,-0.152142770502055,-0.159069988831879,-0.154688279042486,-0.160459770789123,-0.152272922004656,-0.154267848058817,-0.152935514631034
6.8,-0.15863807473918,-0.152989293518745,-0.156921013732526,-0.151663692580956,-0.152058871481551,-0.160058385053263,-0.152965579485519,-0.160077819871424,-0.155625689974104,-0.161476256273191,-0.153128322356284,-0.15513163926023,-0.153790534727845
6.9,-0.159679553619375,-0.153910974740155,-0.157924713429143,-0.152563217943187,-0.152984737502134,-0.161091336642436,-0.153798587970094,-0.161094527838808,-0.156572248456616,-0.162502225488673,-0.153992296475447,-0.156003778369793,-0.154653343721395
7,-0.160730381515046,-0.154840985596265,-0.158936833221115,-0.153470814385897,-0.15391815188876,-0.162133369246334,-0.154641754264119,-0.162120058030097,-0.157527910442388,-0.163537623642705,-0.154864840605982,-0.15688425605929,-0.155523961652398
7.1,-0.161790486213279,-0.155779292823412,-0.159957330168511,-0.154386469806118,-0.154859262373744,-0.163184400089609,-0.155495029854764,-0.163154351454615,-0.158492626680905,-0.164582390515539,-0.155745945339552,-0.157773057332321,-0.156402402709121
7.2,-0.162859791960605,-0.156725859584794,-0.16098615687798,-0.155310166911097,-0.155808208445864,-0.164244341949112,-0.156358359707363,-0.164197344820925,-0.159466342784722,-0.165636460485985,-0.156635595685136,-0.158670161603708,-0.157288675267472
7.3,-0.163938219436086,-0.15768064542699,-0.162023261441943,-0.156241883234428,-0.156765107081657,-0.165313103432679,-0.157231682542047,-0.165248970525246,-0.16044899929589,-0.166699762560108,-0.157533771140471,-0.159575542779144,-0.15818278194043
7.4,-0.165025685726667,-0.1586436062413,-0.16306858738885,-0.157181591160961,-0.157730046549121,-0.166390589200955,-0.158114931090345,-0.166309156643451,-0.161440531753558,-0.167772220403911,-0.158440445765849,-0.160489169335486,-0.159084719636119
7.5,-0.166122104305728,-0.15961469423035,-0.164122073644442,-0.158129257959945,-0.15870308560586,-0.167476700143284,-0.15900803233407,-0.167377826927385,-0.162440870763291,-0.168853752380548,-0.159355588260425,-0.161411004402123,-0.159994479623773
7.6,-0.167227385015518,-0.160593857880495,-0.165183654503698,-0.159084845826017,-0.159684255696393,-0.168571333516951,-0.159910907728697,-0.168454900806348,-0.163449942068402,-0.169944271592342,-0.160279162041229,-0.162341005843681,-0.160912047606784
7.7,-0.168341434054111,-0.161581041940233,-0.166253259613269,-0.160048311927475,-0.160673564439571,-0.1696743830579,-0.160823473412939,-0.169540293394018,-0.164467666623598,-0.171043685927964,-0.161211125324939,-0.163279126344248,-0.161837403802248
7.8,-0.169464153967265,-0.162576187404871,-0.167330813963999,-0.161019608461324,-0.161670999367125,-0.170785739069369,-0.161745640406242,-0.170633915501302,-0.165493960671142,-0.172151898114791,-0.162151431212311,-0.164225313493285,-0.162770523026184
7.9,-0.170595443645483,-0.163579231507487,-0.168416237893129,-0.16199868271459,-0.162676531374439,-0.171905288494039,-0.162677314795661,-0.171735673655209,-0.166528735819535,-0.173268805776534,-0.163100027775324,-0.165179509873201,-0.16371137478394
8,-0.17173519832647,-0.164590107716342,-0.169509447095857,-0.16298547713138,-0.163690117662928,-0.17303291497391,-0.16361839791332,-0.172845470123885,-0.167571899124727,-0.174394301496102,-0.164056858146853,-0.166141653148692,-0.164659923364969
8.1,-0.172883309603062,-0.165608745738601,-0.17061035264564,-0.163979929385136,-0.164711704132073,-0.174168498901645,-0.164568786505656,-0.173963202947813,-0.168623353173941,-0.175528272883636,-0.165021860612831,-0.167111676157853,-0.165616127941584
8.2,-0.174039665436735,-0.166635071530397,-0.171718861022952,-0.164981972455648,-0.165741227266043,-0.17531191746603,-0.16552837289542,-0.175088765977102,-0.169682996171908,-0.176670602649498,-0.165994968706606,-0.168089507004913,-0.166579942671041
8.3,-0.175204150176527,-0.167669007313174,-0.172834874151855,-0.165991534710304,-0.166778615593327,-0.176463044693928,-0.166497045137315,-0.176222048914753,-0.170750722029473,-0.177821168682119,-0.166976111305537,-0.16907506915467,-0.167551316800479
8.4,-0.176376683245622,-0.16871050808417,-0.173958325205806,-0.167008576080786,-0.167823828562349,-0.177621787998108,-0.167474730550423,-0.177362974068263,-0.17182645897609,-0.178979883239365,-0.167965251351832,-0.170068318611656,-0.168530231263869
8.5,-0.177557140024819,-0.169759487388091,-0.175089105527965,-0.168033014743189,-0.168876780578449,-0.178788013251234,-0.168461307312334,-0.178511421233655,-0.172910090901672,-0.18014661285553,-0.168962307489682,-0.171069168555201,-0.169516624877175
8.6,-0.178745354841288,-0.170815819401428,-0.176227067265068,-0.169064729150701,-0.169937343689646,-0.179961548005472,-0.169456607490312,-0.179667230605469,-0.174001460205278,-0.181321181597562,-0.169967156097612,-0.172077491498131,-0.170510395901896
8.7,-0.179941197792594,-0.171879411591669,-0.177372094502864,-0.170103629985864,-0.171005423270307,-0.181142253957427,-0.170460503421704,-0.180830275734662,-0.17510044444294,-0.182503448811134,-0.170979708313978,-0.173093193204749,-0.171511474912738
8.8,-0.181144535538384,-0.172950167866373,-0.178524067058814,-0.171149623777347,-0.172080920230656,-0.182329989848199,-0.171472863888042,-0.182000426326415,-0.176206917353961,-0.183693269478196,-0.171999871133668,-0.174116175297505,-0.172519788130936
8.9,-0.182355231349408,-0.174027988625967,-0.17968286055669,-0.17220261299799,-0.173163731309493,-0.183524611509127,-0.172493554246014,-0.183177548314614,-0.177320748960662,-0.184890494319383,-0.173027547513789,-0.175146335359519,-0.173535257537824
9,-0.183573145160774,-0.175112770822708,-0.180848346505961,-0.173262496164457,-0.174253749306904,-0.184725971910094,-0.173522436555911,-0.184361503940624,-0.178441805669319,-0.186094969899541,-0.174062636480324,-0.176183567038024,-0.174557800988622
9.1,-0.184798133629129,-0.176204408025999,-0.182020392385521,-0.174329167938084,-0.17535086327349,-0.185933921210552,-0.174559369707954,-0.185552151835867,-0.179569950372304,-0.187306538736252,-0.175105033235503,-0.177227760148727,-0.175587332326359
9.2,-0.186030050193648,-0.177302790494317,-0.183198861731454,-0.175402519226758,-0.176454958668196,-0.187148306813308,-0.175604209546642,-0.18674934710806,-0.180705042551018,-0.18852503941103,-0.176154629265822,-0.178278800780972,-0.176623761495573
9.3,-0.187268745140437,-0.178407805254348,-0.184383614228444,-0.176482437287542,-0.177565917493724,-0.188368973421112,-0.176656808993407,-0.187952941430704,-0.181846938379762,-0.189750306682998,-0.177211312450474,-0.17933657140354,-0.17766699465573
9.4,-0.188514065670208,-0.179519336187938,-0.185574505804503,-0.177568805829822,-0.178683618415926,-0.189595763095983,-0.177717018167753,-0.18916278313561,-0.18299549083016,-0.190982171604757,-0.178274967170168,-0.180400950971115,-0.178716934294092
9.5,-0.189765855968944,-0.180637264127815,-0.18677138872871,-0.178661505118819,-0.179807936871941,-0.19082851532122,-0.178784684507002,-0.190378717308119,-0.1841505497761,-0.192220461640312,-0.179345474416111,-0.18147181503118,-0.179773479337932
9.6,-0.191023957281297,-0.181761466963231,-0.187974111711627,-0.179760412079203,-0.180938745170453,-0.192067067065992,-0.179859652884808,-0.191600585884811,-0.185311962099102,-0.193465000784733,-0.180422711899084,-0.182549035831389,-0.180836525265956
9.7,-0.192288207986521,-0.182891819757345,-0.189182520008164,-0.180865400398757,-0.182075912586532,-0.193311252852368,-0.180941765728481,-0.192828227753349,-0.186479571793881,-0.194715609685448,-0.181506554158508,-0.183632482427233,-0.181905964218825
9.8,-0.193558443676692,-0.184028194878244,-0.190396455522581,-0.181976340631841,-0.18321930545277,-0.194560904824669,-0.182030863135222,-0.194061478854305,-0.18765322007411,-0.195972105764892,-0.182596872671324,-0.184722020789975,-0.182981685108704
9.9,-0.194834497237025,-0.185170462146591,-0.191615756915364,-0.183093100302566,-0.184368787247982,-0.195815852820969,-0.183126782987326,-0.195300172284665,-0.188832745478176,-0.197234303344343,-0.183693535960705,-0.185817513914773,-0.184063573727645
10,-0.196116198928003,-0.186318489003361,-0.192840259711833,-0.184215544007643,-0.185524218684297,-0.197075924446638,-0.184229361066272,-0.196544138402747,-0.190017983974926,-0.198502013768812,-0.184796409704413,-0.186918821928851,-0.185151512854928
10.1,-0.197403376469249,-0.187472140702283,-0.194069796412108,-0.185343533518606,-0.186685457793226,-0.198340945149725,-0.185338431165884,-0.197793204934445,-0.191208769069251,-0.199775045532746,-0.185905356842737,-0.18802580219975,-0.186245382363104
10.2,-0.198695855124822,-0.188631280532793,-0.195304196602373,-0.18647692788354,-0.187852360011175,-0.19961073829804,-0.186453825204317,-0.199047197080408,-0.192404931907415,-0.201053204406416,-0.187020237685979,-0.189138309443534,-0.187345059322819
10.3,-0.199993457789837,-0.189795770080781,-0.196543287067178,-0.187615583528119,-0.189024778264537,-0.200885125257812,-0.187575373335032,-0.200305937624149,-0.193606301382144,-0.202336293562847,-0.188140910021393,-0.190256195832846,-0.188450418106361
10.4,-0.201296005078197,-0.19096546953605,-0.197786891902591,-0.188759354355873,-0.190202563054651,-0.202163925473718,-0.188702904056587,-0.201569247040731,-0.194812704237306,-0.203624113705111,-0.189267229219434,-0.191379311104859,-0.189561330489855
10.5,-0.202603315411322,-0.1921402380571,-0.199034832630045,-0.189908091847688,-0.191385562542629,-0.203446956550173,-0.189836244321166,-0.202836943606012,-0.196023965172178,-0.204916463193887,-0.190399048339459,-0.192507502668958,-0.190677665754125
10.6,-0.203915205107646,-0.193319934205266,-0.200286928310771,-0.191061645160482,-0.192573622634142,-0.204734034333794,-0.190975219641844,-0.204108843506114,-0.197239906945227,-0.206213138175142,-0.191536218234543,-0.193640615714157,-0.191799290784234
10.7,-0.205231488472848,-0.194504416460618,-0.201542995660579,-0.19221986122496,-0.193766587064137,-0.206024972996736,-0.192119654198387,-0.205384760947191,-0.198460350477386,-0.207513932707761,-0.192678587655641,-0.194778493316187,-0.192926070167616
10.8,-0.206551977890579,-0.195693543829921,-0.202802849164943,-0.193382584842475,-0.194964297481514,-0.207319585120993,-0.193269370941526,-0.206664508265122,-0.199685114954711,-0.208818638891146,-0.193826003354852,-0.195920976544186,-0.1940578662909
10.9,-0.207876521436808,-0.196887219379769,-0.204066334633822,-0.194549699886875,-0.19616663691653,-0.208617714098178,-0.1944242399955,-0.207947929871589,-0.200914056718562,-0.2101270812338,-0.194978356617388,-0.19706794656541,-0.195194585874332
11,-0.209204886693728,-0.198085259929225,-0.205333225315455,-0.19572100298568,-0.197373396561363,-0.209919133584838,-0.195584030395115,-0.209234797150344,-0.202146949437497,-0.211439009960186,-0.196135441024145,-0.198219195596068,-0.196336037986817
11.1,-0.21053688078292,-0.199287530642442,-0.206603329645431,-0.196896333074335,-0.198584412264243,-0.211223651869353,-0.19674856198855,-0.210524917442771,-0.203383607665137,-0.212754212012512,-0.197297097896345,-0.199374559276189,-0.197482078928052
11.2,-0.211872309273385,-0.200493900222075,-0.207876454293837,-0.198075527340219,-0.199799518127855,-0.212531075996363,-0.197917653797154,-0.211818096660916,-0.204623844628258,-0.214072472885081,-0.198463166964133,-0.200533871665031,-0.198632563174025
11.3,-0.213210976273331,-0.201704241221453,-0.209152404279994,-0.199258421314696,-0.201018546593263,-0.213841211853604,-0.199091124109589,-0.213114139395597,-0.20586747232607,-0.215393576749755,-0.199633486465164,-0.201696965345105,-0.199787343467059
11.4,-0.214552684521826,-0.202918429479174,-0.210430983086782,-0.200444848964082,-0.202241328523449,-0.215153864258966,-0.200268790573336,-0.214412849023998,-0.207114301628794,-0.216717306580721,-0.200807893242134,-0.202863671525566,-0.200946270904658
11.5,-0.215897235480364,-0.204136341834204,-0.211711992774554,-0.201634642779684,-0.203467693286613,-0.216468837047684,-0.201450470283386,-0.215714027816554,-0.208364142375468,-0.218043444278549,-0.201986222839338,-0.204033820144884,-0.202109195027028
11.6,-0.217244429424126,-0.205357850838556,-0.212995234094558,-0.202827633866828,-0.204697468839073,-0.217785933159613,-0.202635979867942,-0.217017477043099,-0.209616803470979,-0.21937177079343,-0.203168309598109,-0.205207239972835,-0.203275963903406
11.7,-0.21859406553302,-0.206582814812013,-0.21428050660178,-0.20402365203295,-0.205930481807847,-0.219104954726432,-0.203825135570714,-0.218322997078244,-0.210872092982328,-0.220702066247524,-0.204353986751212,-0.206383758711658,-0.204446424217165
11.8,-0.219945941982294,-0.207811061766065,-0.215567608767155,-0.20522252587468,-0.207166557572804,-0.220425703158846,-0.205017753329698,-0.219630387505808,-0.212129818234057,-0.222034110056411,-0.205543086516189,-0.207563203096475,-0.205620421349734
11.9,-0.221299856032822,-0.209042367420965,-0.216856338089117,-0.206424082864051,-0.208405520348436,-0.221747979233563,-0.206213648852049,-0.220939447222517,-0.213389785902944,-0.223367681049543,-0.206735440187532,-0.208745398994856,-0.206797799463377
12,-0.222655604120901,-0.210276431912531,-0.21814649120438,-0.207628149433701,-0.209647193265151,-0.223071583180163,-0.207412637684783,-0.22224997454055,-0.214651802111845,-0.224702557589692,-0.207930878227839,-0.209930171505498,-0.207978401582824
12.1,-0.224012981947517,-0.211512866708334,-0.21943786399799,-0.208834551061184,-0.210891398450178,-0.224396314767615,-0.208614535280938,-0.223561767289275,-0.215915672522729,-0.226038517691285,-0.209129230357764,-0.211117345056056,-0.209162069675795
12.2,-0.22537178456715,-0.212751208514722,-0.220730251712483,-0.210043112352398,-0.21213795710795,-0.225721973390607,-0.209819157060948,-0.224874622915856,-0.217181202428913,-0.227375339137639,-0.210330325644935,-0.212306743499982,-0.210348644732492
12.3,-0.226731806475941,-0.213990971562721,-0.222023449056265,-0.211253657124066,-0.213386689600042,-0.227048358155431,-0.211026318468741,-0.226188338584892,-0.218448196846471,-0.228712799597049,-0.211533992591677,-0.213498190212511,-0.211537966843975
12.4,-0.228092841699287,-0.215231727992322,-0.223317250311013,-0.212466008485414,-0.214637415524628,-0.228375267965554,-0.212235835022265,-0.227502711276894,-0.219716460604795,-0.230050676737648,-0.21274005922162,-0.214691508185539,-0.212729875279545
12.5,-0.229454683878815,-0.216473180223422,-0.22461144943821,-0.213679988918915,-0.215889953795427,-0.229702501606727,-0.213447522358055,-0.228817537885767,-0.220985798436376,-0.231388748341063,-0.213948353165209,-0.215886520121588,-0.213924208563143
12.6,-0.230817126358643,-0.217715186064161,-0.225905840184675,-0.214895420360258,-0.21714412272014,-0.231029857831668,-0.21466119626934,-0.230132615315126,-0.222256015065725,-0.232726792414788,-0.215158701744003,-0.217083048526709,-0.215120804548737
12.7,-0.232179962271044,-0.218957726497416,-0.227200216187112,-0.216112124277435,-0.218399740078429,-0.232357135444218,-0.215876672737355,-0.231447740573468,-0.223526915297447,-0.234064587303277,-0.216370932053893,-0.218280915802275,-0.216319500494785
12.8,-0.233542984621328,-0.220200841371002,-0.228494371075662,-0.217329921749053,-0.219656623199327,-0.233684133383006,-0.217093767955348,-0.232762710868267,-0.224798304103549,-0.2354019117977,-0.217584871047152,-0.219479944335765,-0.21752013313775
12.9,-0.234905986372051,-0.221444568529263,-0.229788098576375,-0.218548633541845,-0.220914589038134,-0.235010650804585,-0.218312298344813,-0.234077323698845,-0.226069986709818,-0.236738545244369,-0.218800345613316,-0.220679956590375,-0.218722538764706
13,-0.236268760526512,-0.222688906884375,-0.231081192612674,-0.219768080187365,-0.222173454252812,-0.236336487165931,-0.219532080563505,-0.235391376948156,-0.227341768681442,-0.238074267651749,-0.220017182658968,-0.221880775193505,-0.21992655328507
13.1,-0.237631100211408,-0.223933804388805,-0.232373447405664,-0.220988082057942,-0.223433035279856,-0.23766144230641,-0.220752931504732,-0.236704668973356,-0.228613456007759,-0.239408859796162,-0.221235209186328,-0.223082223024094,-0.221132012301443
13.2,-0.238992798758843,-0.225179161960949,-0.233664657573414,-0.2222084594419,-0.224693148409593,-0.238985316529119,-0.221974668287371,-0.238016998695244,-0.229884855186122,-0.240742103325942,-0.222454252370713,-0.224284123298787,-0.222338751179621
13.3,-0.240353644622969,-0.226424844802604,-0.234954611102341,-0.223429032697028,-0.22595361066755,-0.240307903433284,-0.223197110788427,-0.239328159007713,-0.23115577000427,-0.242073772127195,-0.223674142930016,-0.225486300148007,-0.223546609775393
13.4,-0.241713428824408,-0.227670689397067,-0.236243100760854,-0.224649619576894,-0.227214235625937,-0.241629001637481,-0.224420073878351,-0.240637947354035,-0.232426005462037,-0.243403646796347,-0.224894706134787,-0.226688575189398,-0.224755420808686
13.5,-0.24307194998395,-0.228916516792895,-0.237529929108269,-0.225870039624272,-0.228474837896857,-0.242948419632986,-0.225643371766043,-0.241946170614811,-0.233695372475519,-0.244731519941607,-0.22611576602459,-0.227890771839406,-0.225965013896759
13.6,-0.244429003076619,-0.230162140415594,-0.23881489334537,-0.227090113536817,-0.229735233934959,-0.244265960402621,-0.226866822170953,-0.243252630864586,-0.234963680422372,-0.246057177751937,-0.227337151234362,-0.22909271552405,-0.227175224144761
13.7,-0.245784383683708,-0.231407368937654,-0.240097791552399,-0.228309662295778,-0.230995240419823,-0.245581427792493,-0.228090242829241,-0.244557131174108,-0.23623073959784,-0.247380407791122,-0.228558690944792,-0.230294232422213,-0.228385886761172
13.8,-0.247137888069955,-0.232652009114756,-0.241378422781277,-0.229528507236848,-0.232254674327907,-0.246894626589162,-0.22931345141734,-0.245859475692706,-0.237496361293457,-0.248700999092982,-0.229780214952815,-0.231495149544184,-0.229596837122982
13.9,-0.248489313259907,-0.233895867512121,-0.242656587146631,-0.230746470120327,-0.233513353004022,-0.248205362596137,-0.230536265462947,-0.247159469729442,-0.238760357874825,-0.250018742255149,-0.231001553740965,-0.232695294808872,-0.230807910840067
14,-0.249838457113429,-0.235138751509527,-0.243932085915629,-0.231963373200559,-0.234771094232095,-0.249513442709579,-0.2317585022431,-0.248456919833142,-0.240022542858544,-0.25133342953125,-0.232222538545572,-0.233894497119712,-0.232018943818843
14.1,-0.251185118400436,-0.236380469856458,-0.245204721596498,-0.233179039294738,-0.236027716305441,-0.250818674993214,-0.232979978669073,-0.249751633871243,-0.241282730988154,-0.252644854921534,-0.233443001423823,-0.235092586439182,-0.233229772325136
14.2,-0.252529096874772,-0.23762083295644,-0.246474298025908,-0.234393291850999,-0.237283038096374,-0.252120868752533,-0.234200511157908,-0.251043421107505,-0.242540738309251,-0.25395281426191,-0.234662775319633,-0.236289393861959,-0.234440233046371
14.3,-0.25387019334725,-0.238859652994512,-0.247740620455051,-0.235605955015829,-0.23853687912524,-0.25341983460815,-0.235419915490574,-0.252332092278538,-0.243796382243621,-0.255257105311449,-0.235881694128396,-0.237484751686682,-0.235650163152953
14.4,-0.255208209757904,-0.240096743978353,-0.249003495634445,-0.236816853700832,-0.239789059628819,-0.254715384568363,-0.236638006656806,-0.253617459669226,-0.245049481662448,-0.256557527838243,-0.23709959276057,-0.238678493486324,-0.236859400358964
14.5,-0.256542949247337,-0.241331921735592,-0.250262731897491,-0.238025813648787,-0.241039400628104,-0.256007332100919,-0.237854598686944,-0.25489933718697,-0.246299856958589,-0.257853883703673,-0.238316307204094,-0.23987045417711,-0.238067782982117
14.6,-0.257874216227285,-0.242565003892147,-0.251518139242759,-0.239232661499033,-0.242287723995428,-0.257295492203904,-0.239069504471132,-0.256177540434793,-0.247547330117857,-0.259145976945089,-0.239531674585669,-0.241060470086054,-0.23927515000298
14.7,-0.259201816450323,-0.243795809845891,-0.25276952941497,-0.240437224852184,-0.243533852520951,-0.258579681475865,-0.240282535566794,-0.257451886783299,-0.248791724789351,-0.260433613856817,-0.240745533230847,-0.242248379017029,-0.240481341123478
14.8,-0.260525557078715,-0.245024160743052,-0.254016715984675,-0.241639332334199,-0.244777609978481,-0.25985971818501,-0.241493501995141,-0.258722195441552,-0.250032866354798,-0.261716603069588,-0.241957722723001,-0.243434020315398,-0.241686196824653
14.9,-0.261845246752404,-0.24624987946117,-0.255259514426658,-0.242838813659642,-0.246018821190599,-0.261135422337558,-0.242702212028217,-0.25998828752671,-0.251270581996849,-0.262994755628286,-0.243168083961096,-0.24461723493115,-0.242889558423724
15,-0.263160695656231,-0.247472790600042,-0.256497742196986,-0.24403549969444,-0.247257312093131,-0.262406615745263,-0.243908471968106,-0.261249986132642,-0.252504700766425,-0.264267885068071,-0.244376459216335,-0.245797865480615,-0.244091268130366
15.1,-0.264471715586157,-0.248692720480858,-0.257731218808779,-0.245229222517775,-0.248492909798898,-0.263673122091984,-0.245112085920381,-0.262507116397346,-0.253735053648944,-0.26553580748882,-0.245582692187575,-0.246975756306664,-0.245291169102355
15.2,-0.265778120014776,-0.249909497153034,-0.258959765906626,-0.246419815483377,-0.249725442660718,-0.264934766999376,-0.246312855564422,-0.263759505569269,-0.254961473629553,-0.266798341627965,-0.246786628055661,-0.248150753537442,-0.246489105500354
15.3,-0.267079724155889,-0.251122950408068,-0.260183207339675,-0.247607113280099,-0.250954740333749,-0.266191378091717,-0.247510579923695,-0.265006983072457,-0.256183795757295,-0.268055308931581,-0.247988113536517,-0.249322705143594,-0.247684922542068
15.4,-0.26837634502822,-0.252332911799407,-0.261401369233385,-0.248790951991746,-0.252180633837025,-0.267442785059736,-0.248705055139658,-0.266249380570656,-0.257401857208123,-0.269306533623851,-0.249186996933112,-0.250491460994014,-0.248878466555605
15.5,-0.269667801518291,-0.25353921466753,-0.262614080059925,-0.249971169156223,-0.253402955614286,-0.268688819723559,-0.249896074253615,-0.2674865320302,-0.258615497346897,-0.270551842774869,-0.250383128186252,-0.251656872910082,-0.250069585032112
15.6,-0.270953914442431,-0.254741694169349,-0.26382117070722,-0.251147603823931,-0.254621539593977,-0.269929316094708,-0.251083427001385,-0.268718273781846,-0.259824557788186,-0.271791066366679,-0.251576358924146,-0.252818794718375,-0.251258126677665
15.7,-0.272234506607879,-0.255940187311235,-0.265022474546622,-0.25232009661548,-0.255836221248519,-0.271164110437125,-0.252266899626569,-0.269944444581436,-0.261028882455969,-0.27302403735774,-0.25276654251089,-0.253977082301944,-0.252443941464388
15.8,-0.273509345349454,-0.257134490776545,-0.266217767587766,-0.253488448069665,-0.257046796230466,-0.272392982296522,-0.253446232401577,-0.271164827977345,-0.262228268235596,-0.274250527273364,-0.253953501409648,-0.255131555268704,-0.253626851057435
15.9,-0.274778311873277,-0.258324484564887,-0.267406945223587,-0.254652540858003,-0.258253141628277,-0.273615828638932,-0.254621242122054,-0.272379322490293,-0.263422610388567,-0.275470436648922,-0.255137122565925,-0.256282109495648,-0.254806734928093
16,-0.276041235380389,-0.259510011511983,-0.268589848745709,-0.255812220701027,-0.259455097943915,-0.274832492912412,-0.255791703608845,-0.273587774579359,-0.264611760185327,-0.276683607832447,-0.25631726488452,-0.257428607391004,-0.255983447187324
16.1,-0.277297947300627,-0.260690916460332,-0.269766322188497,-0.256967335114676,-0.260652507454252,-0.276042821053898,-0.256957387767725,-0.274790033362195,-0.265795571434723,-0.277889886391067,-0.257493789189682,-0.258570913610939,-0.25715684341088
16.2,-0.278548281349306,-0.261867046301744,-0.270936212389755,-0.258117733464196,-0.261845214266166,-0.277246661545265,-0.258118061608274,-0.27598595067001,-0.266973900537684,-0.279089121166797,-0.258666558267565,-0.259708895103186,-0.25832678068658
16.3,-0.279792073583055,-0.263038250020651,-0.272099369050118,-0.259263267017191,-0.263033064370789,-0.278443865468357,-0.259273488330391,-0.277175381101434,-0.268146606539586,-0.280281164330698,-0.259835436907612,-0.260842421149189,-0.259493117660846
16.4,-0.281029162454737,-0.264204378737859,-0.273255644790979,-0.260403788995955,-0.26421590569683,-0.279634286559016,-0.260423427488488,-0.278358182075222,-0.269313551181438,-0.281465871435246,-0.261000291942673,-0.261971363404775,-0.260655714584431
16.5,-0.282259388867487,-0.265365285754513,-0.274404895211068,-0.261539154628949,-0.265393588163098,-0.280817781260057,-0.261567635243588,-0.279534213881858,-0.270474598949706,-0.282643101465052,-0.262160992288007,-0.263095595939329,-0.261814433357394
16.6,-0.28348259622786,-0.266520826596191,-0.275546978941629,-0.262669221201532,-0.266565963730043,-0.281994208773192,-0.262705864713503,-0.280703339733971,-0.271629617124888,-0.283812716885865,-0.263317408979096,-0.264214995273492,-0.262969137573278
16.7,-0.284698630498109,-0.267670859056846,-0.276681757700158,-0.263793848105804,-0.267732886450463,-0.283163431109939,-0.263837866430935,-0.281865425815658,-0.272778475828727,-0.284974583691846,-0.264469415208268,-0.265329440415411,-0.264119692562523
16.8,-0.285907340247518,-0.26881524324258,-0.277809096342786,-0.264912896889741,-0.268894212519279,-0.284325313141444,-0.264963388918478,-0.283020341330624,-0.273921048070104,-0.286128571451184,-0.265616886360197,-0.266438812895523,-0.265265965435067
16.9,-0.287108576702911,-0.269953841615033,-0.278928862915248,-0.266026231305389,-0.270049800322387,-0.285479722647238,-0.266082179388732,-0.28416795854919,-0.275057209789591,-0.287274553349938,-0.26675970004623,-0.267542996799884,-0.266407825122188
17,-0.288302193798198,-0.271086519034394,-0.280040928702411,-0.267133717356339,-0.271199510484573,-0.286626530362953,-0.267193984575891,-0.285308152854172,-0.276186839902616,-0.28841240623427,-0.26789773613751,-0.268641878802078,-0.267545142417599
17.1,-0.289488048223079,-0.272213142801886,-0.281145168276485,-0.268235223344272,-0.272343205916515,-0.287765610026908,-0.268298551703374,-0.286440802785542,-0.277309820341235,-0.289542010650904,-0.269030876797025,-0.269735348193723,-0.268677790017657
17.2,-0.290665999470848,-0.273333582701728,-0.28224145954374,-0.269330619914745,-0.273480751860886,-0.288896838425671,-0.269395629589476,-0.287565790084017,-0.27842603609455,-0.290663250885944,-0.270159006510423,-0.270823296913517,-0.269805642560907
17.3,-0.291835909885276,-0.274447711042429,-0.283329683789867,-0.270419780102091,-0.274612015937439,-0.290020095438504,-0.27048496989004,-0.288682999733447,-0.279535375247634,-0.291776015001999,-0.271282012115772,-0.271905619574955,-0.270928576666781
17.4,-0.292997644706619,-0.275555402697492,-0.284409725723989,-0.271502579373478,-0.27573686818721,-0.291135264080718,-0.271566328473625,-0.289792320002028,-0.280637729019145,-0.292880194873585,-0.272399782832106,-0.272982213492629,-0.272046470973565
17.5,-0.29415107211678,-0.276656535145391,-0.28548147352119,-0.272578895672165,-0.276855181115791,-0.292242230545953,-0.272639466920769,-0.290893642482379,-0.281732991797383,-0.293975686220952,-0.273512210286889,-0.274052978707171,-0.273159206175562
17.6,-0.295296063283499,-0.277750988508842,-0.286544818863716,-0.273648609459831,-0.277966829735613,-0.293340884247334,-0.273704154134551,-0.29198686213046,-0.282821061174998,-0.295062388642112,-0.27461918854235,-0.275117818008857,-0.274266665059541
17.7,-0.29643249240376,-0.278838645593344,-0.287599656980766,-0.274711603758129,-0.279071691607336,-0.294431117857571,-0.274760168045216,-0.293071877303287,-0.283901837982148,-0.296140205643347,-0.275720614120679,-0.27617663695992,-0.275368732540398
17.8,-0.297560236746221,-0.279919391924968,-0.288645886686953,-0.275767764189366,-0.280169646880287,-0.295512827347946,-0.275807297386764,-0.294148589795525,-0.284975226318286,-0.297209044667963,-0.276816386028168,-0.277229343915467,-0.276465295696091
17.9,-0.298679176692871,-0.28099311578737,-0.28968341041933,-0.276816979016328,-0.281260578331959,-0.296585912026181,-0.276845343519048,-0.295216904874899,-0.286041133582398,-0.298268817123452,-0.277906405778185,-0.278275850043208,-0.277556243801852
18,-0.299789195779747,-0.282059708258059,-0.290712134273082,-0.277859139181282,-0.282344371406614,-0.297650274573259,-0.277874122264223,-0.296276731316408,-0.287099470501779,-0.299319438407041,-0.278990577413163,-0.279316069341846,-0.278641468363656
18.1,-0.300890180736797,-0.283119063243873,-0.291731968035872,-0.278894138344126,-0.283420914252927,-0.298705821079103,-0.278893465722877,-0.297327981435388,-0.288150151159333,-0.300360827929552,-0.280068807525403,-0.280349918658259,-0.279720863150983
18.2,-0.301981976178217,-0.284171041039107,-0.292742780811309,-0.279921836814014,-0.284490061163482,-0.299752416990373,-0.2799031764011,-0.29837052827058,-0.289193054695159,-0.301392863152152,-0.281140975273125,-0.281377285704091,-0.280794294643298
18.3,-0.303064473845631,-0.285215539907587,-0.293744488730784,-0.280942132384028,-0.285551704311903,-0.300789974113379,-0.280903122556646,-0.299404290203465,-0.290228100887152,-0.302415470591078,-0.282206991171328,-0.282398091994165,-0.281861659801022
18.4,-0.304137615211671,-0.286252498527537,-0.294737056971916,-0.281954962789669,-0.286605776343792,-0.301818452737221,-0.281893242873685,-0.300429232922715,-0.291255252075379,-0.30342862757858,-0.28326679923044,-0.283412294720184,-0.282922888538631
18.5,-0.305201300259672,-0.287281822547509,-0.295720410517828,-0.282960233008381,-0.287652176665882,-0.302837773024221,-0.282873451626149,-0.301445283316862,-0.292274436106432,-0.304432269903453,-0.28432031650462,-0.284419822351674,-0.283977884062312
18.6,-0.306255432354919,-0.288303420612469,-0.296694478196789,-0.283957850914893,-0.2886908075655,-0.303847858709065,-0.283843686790412,-0.302452371963603,-0.293285584297178,-0.305426337464319,-0.285367462687073,-0.285420606274564,-0.285026551996594
18.7,-0.307299918279506,-0.289317204394749,-0.297659192708632,-0.284947727314391,-0.289721574242957,-0.304848637128028,-0.284803910894754,-0.303450433155774,-0.294288631452964,-0.306410774283998,-0.286408160124699,-0.286414580801226,-0.28606880041321
18.8,-0.308334668266401,-0.290323088624219,-0.298614490649836,-0.285929775975021,-0.290744384843094,-0.305840039247107,-0.285754111580734,-0.304439404926259,-0.295283515884397,-0.307385528522384,-0.28744233383174,-0.287401683179493,-0.287104539859395
18.9,-0.309359596032707,-0.29132099111778,-0.29956031253739,-0.286903913659531,-0.291759150486022,-0.306821999689245,-0.286694301852135,-0.305419229071646,-0.296270179422554,-0.308350552487769,-0.288469911502489,-0.28838185360058,-0.288133683385561
19,-0.310374618812166,-0.2923108328082,-0.300496602831411,-0.287870060156252,-0.292765785297143,-0.307794456760382,-0.287624519994848,-0.306389851174842,-0.297248567432741,-0.309305802646715,-0.289490823523013,-0.289355035205938,-0.289156146572507
19.1,-0.311379657386911,-0.293292537772242,-0.301423309956502,-0.288828138309253,-0.293764206436345,-0.308757352474599,-0.288544829159628,-0.307351220626466,-0.298218628826775,-0.310251239632421,-0.290505002982,-0.290321174093132,-0.290171847558096
19.2,-0.312374636118456,-0.294266033258167,-0.302340386321988,-0.289778074047869,-0.294754334126507,-0.309710632578236,-0.289455316608646,-0.308303290645151,-0.299180316073802,-0.311186828251621,-0.291512385680646,-0.291280219320695,-0.291180707063499
19.3,-0.313359482978016,-0.2952312497126,-0.303247788340869,-0.29071979641546,-0.295736091681283,-0.310654246573037,-0.290356092636336,-0.30924601829667,-0.300133585209626,-0.312112537490064,-0.292512910141676,-0.292232122912019,-0.292182648418949
19.4,-0.314334129576054,-0.296188120806818,-0.304145476447697,-0.291653237597546,-0.296709405532223,-0.311588147738319,-0.29124728918418,-0.310179364511999,-0.301078395844621,-0.313028340516533,-0.293506517617464,-0.293176839858308,-0.29317759758913
19.5,-0.315298511191203,-0.297136583462403,-0.305033415115258,-0.292578332949249,-0.297674205255243,-0.312512293152203,-0.292129058177622,-0.311103294104219,-0.302014711170187,-0.313934214685501,-0.294493152097328,-0.294114328120579,-0.294165483198198
19.6,-0.316252566798461,-0.29807657787641,-0.305911572870127,-0.293495021022105,-0.29863042359648,-0.313426643711938,-0.293001569620984,-0.312017775784326,-0.302942497963793,-0.314830141538316,-0.295472760313945,-0.295044548630832,-0.295146236554438
19.7,-0.317196239096806,-0.299008047545942,-0.306779922307169,-0.294403243590306,-0.299577996497536,-0.314331164153271,-0.293865009492531,-0.312922782175926,-0.303861726592618,-0.315716106803119,-0.296445291748998,-0.295967465292243,-0.296119791674618
19.8,-0.318129474536104,-0.299930939292229,-0.307638440102916,-0.295302945676297,-0.300516863120238,-0.315225823068984,-0.294719577486601,-0.313818289828926,-0.304772371015774,-0.316592100393293,-0.29741069863795,-0.296883044978636,-0.297086085308133
19.9,-0.319052223343488,-0.300845203284254,-0.308487107027907,-0.29619407557585,-0.301446965870797,-0.316110592926536,-0.295565484652563,-0.314704279231988,-0.305674408785226,-0.317458116404644,-0.29836893597414,-0.297791257533022,-0.298045056960894
20,-0.319964439549086,-0.30175079306191,-0.309325907957988,-0.297076584882617,-0.302368250423574,-0.316985450084837,-0.296402950981595,-0.315580734824109,-0.306567821045277,-0.318314153111236,-0.299319961512014,-0.298692075765403,-0.298996648919016
20.1,-0.320866081011234,-0.302647665558698,-0.310154831884604,-0.297950428512152,-0.303280665744302,-0.317850374810286,-0.297232202991641,-0.316447645004984,-0.307452592530812,-0.319160212959962,-0.300263735769685,-0.299585475449788,-0.299940806272425
20.2,-0.321757109441107,-0.303535781124086,-0.310973871924169,-0.298815564725456,-0.30418416411302,-0.318705351291884,-0.298053471358354,-0.317305002144454,-0.308328711564144,-0.319996302563743,-0.301200222030772,-0.300471435320435,-0.300877476938359
20.3,-0.322637490426885,-0.304415103545433,-0.311783025326342,-0.299671955152121,-0.305078701146555,-0.319550367655719,-0.298866988636273,-0.318152802590829,-0.309196170050664,-0.320822432693568,-0.302129386345505,-0.301349937067431,-0.301806611684768
20.4,-0.323507193457373,-0.305285600069637,-0.312582293481502,-0.300519564813006,-0.305964235820692,-0.320385415978592,-0.299672987109197,-0.318991046678283,-0.310054963473203,-0.321638618269208,-0.303051197531199,-0.302220965331478,-0.302728164153803
20.5,-0.324366191945208,-0.306147241424372,-0.313371681927279,-0.301358362142569,-0.306840730492112,-0.321210492300954,-0.300471696802791,-0.319819738733179,-0.310905090885147,-0.322444878348723,-0.303965627172063,-0.303084507698084,-0.30364209088533
20.6,-0.325214463249562,-0.30700000183917,-0.314151200354144,-0.302188319010839,-0.307708150920034,-0.322025596639223,-0.301263343685917,-0.320638887079455,-0.31174655490237,-0.323241236116803,-0.304872649618354,-0.303940554691076,-0.30454835134046
20.7,-0.326051883201877,-0.307843771596077,-0.314920766153312,-0.303009323623956,-0.308566376754389,-0.32283063534715,-0.30204808307332,-0.321448410754137,-0.31257927691132,-0.324027622360223,-0.305772168943896,-0.304789026180202,-0.30544683205916
20.8,-0.326878542411323,-0.308678619168129,-0.315680494216717,-0.303821441567614,-0.309415469696264,-0.323625714307151,-0.302826197225468,-0.322248419767551,-0.313403351660458,-0.324804165669847,-0.306664237732597,-0.30562999211482,-0.306337573673683
20.9,-0.327694430323272,-0.30950452951536,-0.316430406836751,-0.30462465524701,-0.310255405939355,-0.324410845644143,-0.303597891031654,-0.323038934572491,-0.314218792492819,-0.325570901643235,-0.307548838699992,-0.306463451870754,-0.307220544637821
21,-0.328499540417413,-0.310321491182096,-0.31717053047294,-0.305418950588726,-0.311086165165735,-0.325186045501938,-0.304363360281259,-0.323819979631336,-0.315025616269773,-0.326327869945309,-0.3084259573184,-0.307289407729794,-0.308095716423988
21.1,-0.329293870228704,-0.311129496316973,-0.317900895753581,-0.306204317061491,-0.311907730566971,-0.325951334052473,-0.305122790980058,-0.324591583416725,-0.315823843357411,-0.327075114290815,-0.309295581813235,-0.308107864870208,-0.308963063548132
21.2,-0.330077421367903,-0.311928540692837,-0.31862153747649,-0.306980747696722,-0.3127200888652,-0.326706735504401,-0.305876358877742,-0.325353778411287,-0.316613497611881,-0.327812682425651,-0.310157703158843,-0.308918831356794,-0.309822563595047
21.3,-0.330850199541933,-0.312718623726516,-0.31933249460919,-0.307748239109023,-0.313523230334354,-0.3274522781113,-0.306624229192698,-0.326106601106605,-0.317394606363794,-0.328540626107085,-0.311012315073928,-0.309722318130461,-0.310674197244154
21.4,-0.331612214573971,-0.313499748498575,-0.32003381028834,-0.308506791516557,-0.314317148821388,-0.328187994179351,-0.307366556517363,-0.326850092001221,-0.318167200401702,-0.32925900108295,-0.311859414016409,-0.310518338997301,-0.311517948295795
21.5,-0.33236348042326,-0.314271921772983,-0.320725531818486,-0.309256408761415,-0.315101841767753,-0.328913920074595,-0.308103484885553,-0.327584295597893,-0.318931313954661,-0.329967867069677,-0.312698999177986,-0.311306910617253,-0.312353803698133
21.6,-0.33310401520481,-0.315035154016825,-0.321407710670216,-0.309997098329951,-0.315877310230987,-0.329630096229779,-0.308835147981857,-0.328309260400008,-0.319686984673996,-0.330667287729349,-0.313531072478187,-0.312088052492306,-0.313181753574642
21.7,-0.333833841208837,-0.315789459419947,-0.322080402477656,-0.310728871373158,-0.316643558906562,-0.330336567150811,-0.309561669472756,-0.32902503890717,-0.320434253614188,-0.331357330645678,-0.314355638558134,-0.312861786954323,-0.314001791252343
21.8,-0.334552984920091,-0.316534855914702,-0.322743667035343,-0.311451742727054,-0.317400596149991,-0.331033381422837,-0.310283163439412,-0.329731687610079,-0.321173165213079,-0.33203806729897,-0.315172704773888,-0.313628139152468,-0.314813913290709
21.9,-0.335261477036997,-0.317271365195681,-0.323397568294544,-0.312165730933199,-0.318148433999262,-0.331720591716022,-0.310999734892386,-0.33042926698456,-0.321903767271277,-0.332709573040034,-0.315982281189496,-0.31438713704029,-0.315618119511408
22,-0.33595935249067,-0.317999012739572,-0.324042174358959,-0.312870858259307,-0.318887088197568,-0.332398254790982,-0.311711480349992,-0.331117841484901,-0.322626110930949,-0.333371927063125,-0.316784380569732,-0.315138811362427,-0.316414413028854
22.1,-0.33664665046384,-0.31871782782502,-0.324677557479875,-0.313567150719955,-0.319616578216457,-0.333066431503931,-0.312418488462972,-0.331797479536429,-0.323340250653933,-0.334025212377862,-0.31757901837252,-0.315883195641037,-0.317202800281686
22.2,-0.337323414409593,-0.319427843552646,-0.325303794050756,-0.314254638097505,-0.320336927279345,-0.333725186811555,-0.313120840670033,-0.332468253527422,-0.324046244199264,-0.334669515780129,-0.318366212741166,-0.316620326161914,-0.3179832910651
22.3,-0.337989692070065,-0.320129096865145,-0.325920964601276,-0.314933353963146,-0.321048162385483,-0.334374589775645,-0.313818611870276,-0.333130239800229,-0.324744152600194,-0.335304927822043,-0.319145984496259,-0.317350241960305,-0.318755898564249
22.4,-0.338645535495011,-0.320821628567456,-0.326529153790822,-0.315603335698203,-0.321750314334369,-0.335014713567454,-0.314511871100337,-0.333783518641764,-0.325434040140678,-0.335931542780909,-0.319918357127462,-0.318072984806474,-0.319520639388585
22.5,-0.339291001060225,-0.321505483347129,-0.327128450401444,-0.316264624515567,-0.32244341775066,-0.335645635471889,-0.315200682205806,-0.334428174273314,-0.326115974331412,-0.336549458627202,-0.320683356785032,-0.318788599191089,-0.320277533607314
22.6,-0.339926149485903,-0.3221807097947,-0.32771894733026,-0.31691726548143,-0.323127511109516,-0.336267436891404,-0.315885104498248,-0.335064294839649,-0.326790025885478,-0.337158776991599,-0.321441012271228,-0.319497132310284,-0.321026604785874
22.7,-0.340551045854867,-0.32284736042427,-0.328300741581302,-0.317561307537176,-0.323802636762518,-0.336880203349738,-0.316565193390435,-0.335691972397485,-0.327456268693645,-0.337759603130989,-0.322191355031544,-0.320198634050599,-0.321767880023589
22.8,-0.341165759630611,-0.323505491694103,-0.328873934256851,-0.318196803521593,-0.324468840964072,-0.33748402449546,-0.317241001004314,-0.336311302903337,-0.328114779799337,-0.338352045893609,-0.322934419145862,-0.320893156973768,-0.322501389992421
22.9,-0.341770364675225,-0.324155164027408,-0.329438630548162,-0.318823810193213,-0.325126173898286,-0.338078994105238,-0.317912576747122,-0.336922386200631,-0.328765639373344,-0.33893621768314,-0.323670241319511,-0.321580756301232,-0.323227168976921
23,-0.342364939267126,-0.324796441833063,-0.329994939725622,-0.319442388252953,-0.325774689706477,-0.338665210086959,-0.318579967852589,-0.33752532600627,-0.329408930688372,-0.339512234421873,-0.324398860874164,-0.322261489898636,-0.323945254915301
23.1,-0.342949517781026,-0.325429353066111,-0.330542935144866,-0.32005256170251,-0.326414403882083,-0.339242732592082,-0.319243199813137,-0.338120191049767,-0.330044703854639,-0.340080176723577,-0.325120284854953,-0.32293538520971,-0.324655652156092
23.2,-0.343524188701554,-0.326053971272362,-0.331082735953978,-0.320654400244005,-0.327045379519249,-0.33981166939015,-0.319902317617674,-0.338707094413974,-0.330673049604449,-0.34064016925404,-0.325834558468576,-0.323602506288878,-0.325358406781612
23.3,-0.344089092543761,-0.326670413866976,-0.331614504258086,-0.321248017652031,-0.327667725847211,-0.340372173317477,-0.320557385122165,-0.339286190839567,-0.331294097115665,-0.341192377736107,-0.326541764002784,-0.324262952267138,-0.326053605561768
23.4,-0.344644325551054,-0.327278761525977,-0.332138365647271,-0.321833490742033,-0.328281513236082,-0.340924358950351,-0.321208445522283,-0.339857599497038,-0.331907941895339,-0.341736931872453,-0.327241951226945,-0.324916791501899,-0.326741301593972
23.5,-0.345189988468153,-0.327879099015886,-0.332654449731626,-0.322410900388471,-0.328886816158429,-0.341468345008163,-0.321855541986991,-0.340421443352647,-0.332514682422628,-0.342273964684001,-0.327935172481265,-0.325564094915017,-0.327421551854246
23.6,-0.345726186556778,-0.328471515214271,-0.333162890127375,-0.322980331548314,-0.32948371321934,-0.342004254354772,-0.322498717970358,-0.34097784915094,-0.333114420123152,-0.342803612467132,-0.328621482667881,-0.326204935976899,-0.328094417245186
23.7,-0.346253029610646,-0.329056103129973,-0.33366382444221,-0.323541873284494,-0.330072287186713,-0.34253221399954,-0.323138017488117,-0.341526947396658,-0.333707259343431,-0.343326014749931,-0.329300939242103,-0.326839390690502,-0.328759962645132
23.8,-0.346770631969867,-0.329632959923124,-0.334157394259785,-0.324095618789244,-0.330652625021747,-0.343052355097924,-0.323773485360462,-0.342068872335877,-0.334293307325588,-0.3438413142474,-0.329973602203726,-0.327467537575382,-0.329418256958187
23.9,-0.347279112534541,-0.330202186924691,-0.33464374512325,-0.324641665407377,-0.331224817909584,-0.343564812951506,-0.32440516742314,-0.342603761936422,-0.334872674182183,-0.344349656815625,-0.330639534088589,-0.328089457651827,-0.330069373165209
24,-0.347778594777437,-0.330763889655597,-0.335123026517871,-0.325180114659226,-0.331788961289947,-0.344069727007454,-0.325033110708562,-0.343131757867557,-0.335445472871449,-0.344851191404926,-0.331298799960252,-0.328705234424995,-0.330713388375596
24.1,-0.348269206755626,-0.331318177845183,-0.335595391852565,-0.325711072263297,-0.332345154887672,-0.344567240857332,-0.325657363599127,-0.343653005478767,-0.336011819172832,-0.345346070011904,-0.331951467401893,-0.329314953869149,-0.331350383879764
24.2,-0.348751081121021,-0.331865165449028,-0.336060998440312,-0.326234648158452,-0.332893502743047,-0.34505750223512,-0.326277975954682,-0.344167653777809,-0.336571831662882,-0.345834447630445,-0.332597606508494,-0.329918704412006,-0.331980445202199
24.3,-0.349224355129493,-0.332404970665848,-0.336520007477404,-0.326750956525505,-0.333434113241792,-0.345540663014393,-0.326894999216069,-0.34467585540778,-0.337125631691642,-0.34631648220158,-0.333237289879237,-0.330516576919147,-0.332603662154985
24.4,-0.349689170648558,-0.3329377159535,-0.336972584021322,-0.327260115808135,-0.333967099144541,-0.346016879204481,-0.327508486486836,-0.345177766623323,-0.337673343359485,-0.346792334562237,-0.333870592610195,-0.331108664678626,-0.333220128891553
24.5,-0.350145674163332,-0.333463528043746,-0.337418896967307,-0.327762248732874,-0.334492577615633,-0.3464863109456,-0.32811849259486,-0.345673547265757,-0.338215093494464,-0.34726216839282,-0.334497592287374,-0.331695063385684,-0.333829943960603
24.6,-0.350594016780656,-0.333982537955785,-0.337859119023362,-0.328257482328138,-0.335010670251055,-0.346949122502663,-0.328725074135802,-0.346163360737213,-0.338751011630281,-0.347726150163659,-0.335118368980062,-0.332275871127626,-0.334433210359804
24.7,-0.351034354231034,-0.334494881008224,-0.338293426683656,-0.328745947942031,-0.335521503105297,-0.347405482257736,-0.329328289499982,-0.346647373973578,-0.339281229984831,-0.34818444908016,-0.335733005234548,-0.332851188368934,-0.33503003558931
24.8,-0.351466846868326,-0.335000696829375,-0.338722000200228,-0.329227781258662,-0.336025206716931,-0.347855562700913,-0.329928198884427,-0.347125757416247,-0.339805883439361,-0.348637237026801,-0.336341586068208,-0.333421117936505,-0.335620531704554
24.9,-0.351891659666742,-0.335500129365623,-0.339145023552793,-0.329703122312979,-0.336521916132626,-0.348299540419477,-0.330524864291466,-0.34759868498258,-0.340325109518431,-0.349084688509809,-0.336944198964104,-0.333985765005153,-0.336204815368244
25,-0.352308962215082,-0.33599332688758,-0.339562684416548,-0.330172115503633,-0.337011770929401,-0.348737596085071,-0.33111834951539,-0.348066334034942,-0.340839048370478,-0.34952698059853,-0.337540933865841,-0.33454523708331,-0.336783007901198
25.1,-0.352718928707688,-0.336480441993925,-0.339975174127838,-0.330634909603815,-0.337494915234737,-0.349169914438771,-0.331708720118373,-0.34852888534823,-0.341347842749193,-0.349964292865423,-0.338131883173043,-0.335099643999018,-0.337355235331635
25.2,-0.353121737932028,-0.336961631612405,-0.340382687647525,-0.331091657769775,-0.337971497744314,-0.349596684273698,-0.332296043396971,-0.348986523075817,-0.341851637995667,-0.350396807324735,-0.338717141737274,-0.335649097886064,-0.337921628442622
25.3,-0.353517573252424,-0.337437056997955,-0.340785423521849,-0.331542517546614,-0.338441671737011,-0.35001809841509,-0.332880388340218,-0.349439434713709,-0.34235058202139,-0.350824708369648,-0.339296806858354,-0.33619371317051,-0.338482322817275
25.4,-0.353906622589615,-0.337906883727475,-0.341183583840703,-0.331987650871217,-0.338905595086809,-0.350434353697354,-0.33346182558034,-0.349887811062816,-0.342844825291956,-0.351248182708039,-0.339870978281325,-0.336733606557395,-0.339037458881191
25.5,-0.354289078395848,-0.338371281690889,-0.341577374193043,-0.332427224071985,-0.339363430271232,-0.350845650938065,-0.334040427337034,-0.350331846189256,-0.343334520811769,-0.351667419296603,-0.340439758193915,-0.337268897017751,-0.339587181941839
25.6,-0.354665076866336,-0.338830375293071,-0.341966964886472,-0.332861356724946,-0.339815287990255,-0.351252150331523,-0.334616241009661,-0.350771698700069,-0.34381978258138,-0.352082571475912,-0.341003200430348,-0.337799663034988,-0.340131592131836
25.7,-0.355034884137426,-0.33928439630525,-0.342352611243702,-0.333290278516017,-0.340261399712588,-0.351654109232864,-0.335189369623266,-0.351207611660523,-0.344300813254682,-0.352493874049234,-0.341561464957569,-0.338326073231704,-0.340670897795899
25.8,-0.355398706178754,-0.33973352758105,-0.342734529145216,-0.333714169032128,-0.340701941866078,-0.352051740324774,-0.335759889810596,-0.351639788758354,-0.344777773439018,-0.352901522364507,-0.342114661350546,-0.338848253364452,-0.341205259225148
25.9,-0.355756753336237,-0.3401779562064,-0.343112937757588,-0.334133212210695,-0.341137095472066,-0.3524452601288,-0.336327879517238,-0.352068436761922,-0.345250826227076,-0.353305713736061,-0.342662901622342,-0.339366331406138,-0.341734841708296
26,-0.356109240277772,-0.34061787346621,-0.343488059471481,-0.334547596317785,-0.341567046129617,-0.352834888958105,-0.336893417924633,-0.352493765467563,-0.345720137185792,-0.353706647370236,-0.343206300224451,-0.33988043753439,-0.342259815546776
26.1,-0.35645638593183,-0.34105347480495,-0.343860119835488,-0.334957513921024,-0.341991983993348,-0.353220850864838,-0.337456585370522,-0.352915987643698,-0.346185874345954,-0.354104524288991,-0.343744974047716,-0.34039070412022,-0.342780356062975
26.2,-0.356798413418254,-0.341484959780549,-0.344229347485514,-0.335363161856712,-0.342412103744457,-0.353603373581856,-0.338017463267436,-0.353335318971536,-0.346648208192631,-0.354499547251672,-0.344279042423848,-0.340897265716889,-0.343296643601085
26.3,-0.357135549970789,-0.341912532011011,-0.344595974069481,-0.335764741190893,-0.342827604554202,-0.353982688458077,-0.338576134019454,-0.353751977982097,-0.347107311656225,-0.3548919206747,-0.344808627127494,-0.34140025904892,-0.34380886351975
26.4,-0.357468026850822,-0.342336399113374,-0.344960234167145,-0.336162457174087,-0.343238690039359,-0.354359030387197,-0.339132680937662,-0.354166185989226,-0.347563360104129,-0.355281850549095,-0.345333852378906,-0.341899823001433,-0.344317206175598
26.5,-0.357796079251745,-0.342756772634313,-0.345322365204589,-0.33655651918927,-0.343645568208882,-0.354732637729224,-0.339687188154654,-0.354578167018407,-0.348016531332977,-0.355669544355839,-0.345854844847093,-0.342396098609433,-0.344821866897048
26.6,-0.358119946193351,-0.343173867971817,-0.345682607363192,-0.336947140692945,-0.34404845140121,-0.355103752224248,-0.34023974053828,-0.354988147730883,-0.348467005561263,-0.356055210978915,-0.346371733653542,-0.342889229047384,-0.345323045947284
26.7,-0.358439870405715,-0.343587904287369,-0.34604120348282,-0.337334539149105,-0.344447556211497,-0.355472618898023,-0.340790423604833,-0.355396357343003,-0.348914965422264,-0.35643906061601,-0.346884650376397,-0.343379359618679,-0.345820948475692
26.8,-0.358756098201976,-0.343999104408012,-0.346398398958757,-0.337718935955907,-0.344843103408009,-0.355839485958753,-0.34133932343208,-0.355803027540235,-0.34936059595715,-0.35682130468666,-0.347393729055055,-0.343866637745183,-0.346315784456709
26.9,-0.359068879339344,-0.344407694717572,-0.346754441632213,-0.338100556365156,-0.345235317837046,-0.356204604684488,-0.341886526572095,-0.356208392385527,-0.349804084608082,-0.357202155737947,-0.347899106195158,-0.344351212956655,-0.346807768615184
27,-0.35937846686789,-0.344813905036491,-0.347109581674018,-0.338479629394727,-0.345624428315574,-0.356568229300612,-0.342432119964167,-0.356612688221716,-0.350245621211107,-0.357581827347358,-0.348400920773947,-0.34483323688003,-0.347297120337287
27.1,-0.359685116966366,-0.345217968489516,-0.34746407146111,-0.3388563877343,-0.346010667510807,-0.356930616846813,-0.342976190847962,-0.357016153567434,-0.350685397988661,-0.357960534023055,-0.348899314245777,-0.345312863228422,-0.347784063565948
27.2,-0.359989088764555,-0.3456201213606,-0.347818165445562,-0.339231067644991,-0.346394271805991,-0.357292027032913,-0.343518826676957,-0.357419029006153,-0.351123609541369,-0.358338491101028,-0.349394430547838,-0.345790247789782,-0.348268826679833
27.3,-0.360290644151621,-0.34602060293436,-0.34817212001574,-0.339603908853999,-0.346775481151569,-0.357652722082958,-0.344060115032312,-0.357821557067878,-0.351560452838946,-0.35871591463946,-0.349886416105939,-0.346265548415065,-0.348751642354846
27.4,-0.360590047569779,-0.346419655323329,-0.348526193349248,-0.339975154445538,-0.347154538900944,-0.358012966566939,-0.344600143537284,-0.358223982103021,-0.351996127209814,-0.359093021309818,-0.350375419840196,-0.346738925005797,-0.349232747407185
27.5,-0.360887565792859,-0.346817523280441,-0.348880645257275,-0.340345050750233,-0.347531691630011,-0.358373027219569,-0.345138999772205,-0.358626550147891,-0.352430834329102,-0.359470028284795,-0.350861593170514,-0.347210539500862,-0.349712382616891
27.6,-0.361183467689228,-0.347214453995914,-0.349235737020078,-0.340713847235731,-0.347907188939673,-0.358733172745485,-0.345676771190185,-0.35902950878123,-0.352864778204622,-0.359847153122792,-0.351345090021784,-0.347680555862367,-0.350190792530985
27.7,-0.361478023968598,-0.34761069687807,-0.349591731213078,-0.341081796402505,-0.348281283240499,-0.359093673610183,-0.346213545033466,-0.359433106971351,-0.353298165160385,-0.360224613648987,-0.351826066828423,-0.348149140060378,-0.350668225245145
27.8,-0.361771506912263,-0.348006503317279,-0.349948891523348,-0.341449153690084,-0.348654229518815,-0.35945480181631,-0.346749408250602,-0.359837594913037,-0.353731203817134,-0.360602627832737,-0.352304682538298,-0.34861646005629,-0.351144932163154
27.9,-0.362064190086458,-0.348402126432523,-0.350307482556092,-0.341816177400879,-0.349026285083296,-0.359816830664458,-0.347284447414449,-0.36024322385368,-0.354164105069392,-0.360981413661202,-0.352781098615653,-0.349082685784745,-0.351621167733074
28,-0.362356346812827,-0.348797822402626,-0.350667779247633,-0.342183129588967,-0.349397707476133,-0.360180041606313,-0.347818745443349,-0.36065025397593,-0.354597083484581,-0.361361194926618,-0.35325546987956,-0.349547985463568,-0.35209718938184
28.1,-0.362648256272561,-0.349193850672217,-0.351030051255109,-0.342550278023494,-0.34976876159628,-0.360544713732009,-0.348352389141674,-0.361058941716749,-0.355030357555994,-0.361742192390388,-0.353727965268273,-0.350012535446097,-0.352573260533436
28.2,-0.36294019654284,-0.349590467486673,-0.351394556335004,-0.342917889895449,-0.350139713097883,-0.360911116860644,-0.348885467061523,-0.361469533474367,-0.355464144486715,-0.362124618409811,-0.354198763834331,-0.350476516017038,-0.353049644019666
28.3,-0.36323244310188,-0.349987929981443,-0.351761560610468,-0.343286235056892,-0.350510825651097,-0.361279526762016,-0.349418063448128,-0.361882282724803,-0.355898664002168,-0.362508689679872,-0.354668037179243,-0.350940104833476,-0.353526603373988
28.4,-0.363525271002369,-0.350386495460027,-0.352131329983327,-0.343655586600492,-0.350882363650951,-0.361650219046925,-0.349950261771451,-0.362297442928689,-0.356334137907934,-0.362894622214546,-0.355135959411076,-0.351403481400183,-0.354004403466198
28.5,-0.363818954478333,-0.350786421024909,-0.352504129873009,-0.34402622126203,-0.351254591831963,-0.362023468824738,-0.35048214464971,-0.362715267274556,-0.356770790030072,-0.363282631194698,-0.355602707135148,-0.351866827035423,-0.35448331008419
28.6,-0.364113766534461,-0.351187963188177,-0.352880224943217,-0.344398420028163,-0.351627774859066,-0.362399550342536,-0.351013793773985,-0.363136008404635,-0.357208846146055,-0.36367293081113,-0.356068459441332,-0.352330324832768,-0.354963589488888
28.7,-0.364409978518349,-0.351591377461964,-0.353259878816262,-0.344772469007692,-0.352002176894588,-0.362778736605829,-0.351545289833647,-0.3635599181219,-0.35764853390522,-0.364065734102779,-0.356533397887325,-0.352794159618458,-0.355445507942171
28.8,-0.36470785967588,-0.351996917928546,-0.353643353774776,-0.3451486606195,-0.352378061141085,-0.363161298980543,-0.352076712442967,-0.363987247076665,-0.358090082737492,-0.364461252789832,-0.356997706477554,-0.353258517903683,-0.355929331208133
28.9,-0.365007676690561,-0.352404836790427,-0.35403091045073,-0.345527295103496,-0.352755689360152,-0.363547506776473,-0.352608140068662,-0.364418244431175,-0.35853372374907,-0.364859697101616,-0.357461571636799,-0.3537235878312,-0.356415324027849
29,-0.365309693207379,-0.352815383900682,-0.354422807501601,-0.345908682198192,-0.353135321367331,-0.363937626812147,-0.353139649958495,-0.364853157499936,-0.358979689603546,-0.365261275599152,-0.357925182178199,-0.354189559115802,-0.356903749568334
29.1,-0.365614169342124,-0.353228806273974,-0.354819301273656,-0.346293142345024,-0.353517214503513,-0.364331922961492,-0.353671318070968,-0.365292231363744,-0.359428214386971,-0.36566619499223,-0.358388729264609,-0.354656622977808,-0.357394868846275
29.2,-0.365921361177137,-0.353645347579009,-0.355220645452432,-0.346681005419263,-0.353901623083644,-0.364730655682526,-0.354203219005998,-0.365735708454651,-0.35987953345526,-0.366074659950934,-0.358852406362773,-0.355124972069006,-0.357888940127702
29.3,-0.36623152024477,-0.354065247613015,-0.355627090700319,-0.347072601176255,-0.354288797823413,-0.365134081528667,-0.354735425936751,-0.366183828109229,-0.360333883262119,-0.366486872911341,-0.359316409189261,-0.355594800390179,-0.358386218304518
29.4,-0.366544892999823,-0.354488741759559,-0.35603888428158,-0.34746822476585,-0.354678985245348,-0.365542452643271,-0.355268010542502,-0.366636826086937,-0.360791501165668,-0.366903033875504,-0.359780935647416,-0.356066303199438,-0.358886954249653
29.5,-0.366861720282483,-0.354916060430587,-0.356456269674827,-0.347868029257966,-0.355072427065612,-0.365956016238211,-0.35580104294263,-0.367094934050663,-0.36125262521182,-0.367323340205392,-0.360246185754216,-0.356539676910426,-0.359391394152205
29.6,-0.367182236773513,-0.355347428494306,-0.356879486173376,-0.348271706186629,-0.355469359563544,-0.366375014057469,-0.356334591631703,-0.367558379006621,-0.361717493892343,-0.367747986410931,-0.360712361556041,-0.357015118979681,-0.359899778834689
29.7,-0.367506670443574,-0.355783064690405,-0.357308768473838,-0.348677575549568,-0.355870012935914,-0.366799681826941,-0.3568687234157,-0.368027382701912,-0.36218634587554,-0.368177163931855,-0.361179667032204,-0.357492827781839,-0.360412343054423
29.8,-0.367835241998528,-0.356223181034582,-0.357744346253279,-0.349080358522451,-0.356274610638663,-0.367230248691723,-0.357403503349412,-0.368502160980492,-0.362659419707256,-0.368611060913456,-0.361648307985065,-0.357973002471938,-0.36092931479166
29.9,-0.368168164323234,-0.356667982214356,-0.358186443735702,-0.349468694301423,-0.356683368718742,-0.367666936642517,-0.357938994674909,-0.368982923102478,-0.363136953479939,-0.369049861976138,-0.362118491915385,-0.358455842833654,-0.361450914526856
30,-0.368505641925899,-0.357117664978476,-0.358635279248373,-0.349835691222966,-0.357096495139558,-0.368109959932847,-0.358475258761305,-0.369469871040297,-0.363619184467602,-0.369493747978829,-0.362590427881664,-0.358941549112198,-0.36197735451026
30.1,-0.368847870385625,-0.357572417522563,-0.359091064768862,-0.350206999435606,-0.35751418910344,-0.368559524489101,-0.359012355045633,-0.369963198779641,-0.364106348724058,-0.369942895776111,-0.363064326341902,-0.35943032183098,-0.362508838026773
30.2,-0.369195035805935,-0.358032418873662,-0.359554005463559,-0.350611666614625,-0.357936640374988,-0.369015827315559,-0.359550340974957,-0.370463091677518,-0.36459868064229,-0.37039747796924,-0.363540398976521,-0.359922361590455,-0.363045558659457
30.3,-0.369547314276788,-0.358497838276763,-0.360024299218861,-0.351042940508269,-0.358364028609695,-0.369479055897021,-0.360089271949775,-0.370969725970205,-0.365096412472572,-0.370857662651162,-0.364018858490517,-0.360417868848206,-0.363587699555341
30.4,-0.369904871348288,-0.358968834586357,-0.360502136165975,-0.351486824197716,-0.358796522691995,-0.369949387601459,-0.360629201268563,-0.371483268586481,-0.365599773797021,-0.371323613145423,-0.364499918393566,-0.360917043678854,-0.364135432697305
30.5,-0.370267916180147,-0.359445613122924,-0.360987775624193,-0.351937110030769,-0.359234333108536,-0.370427061874453,-0.361170190839386,-0.372003948256711,-0.366109050531698,-0.371795547307605,-0.364983822430371,-0.361420125352297,-0.364688976022065
30.6,-0.370636539585442,-0.359928255107656,-0.361481316502972,-0.352392058033852,-0.359677554813294,-0.370912164049713,-0.361712279728401,-0.372531847385693,-0.366624409781548,-0.372273561384144,-0.365470759411478,-0.361927276323718,-0.365248421793299
30.7,-0.371010872144899,-0.360416884317433,-0.361982922499486,-0.352851520758777,-0.360126320196681,-0.371404837258682,-0.362255514543459,-0.373067111450682,-0.367146069356436,-0.372757802600625,-0.365960943684421,-0.36243869381193,-0.365813903858564
30.8,-0.371391031955146,-0.360911611807052,-0.362492747601153,-0.353315742808905,-0.360580748398896,-0.371905212173933,-0.362799939580192,-0.373609886238524,-0.36767424179141,-0.373248412301958,-0.366454589252186,-0.36295457345049,-0.366385542106569
30.9,-0.371777124207897,-0.361412535381517,-0.363010935600542,-0.353785028057712,-0.361040944767964,-0.372413406465985,-0.363345596773345,-0.374160325641604,-0.368209133572148,-0.373745525664008,-0.366951909414776,-0.363475108925498,-0.366963441832972
31,-0.372169240799712,-0.361919739095691,-0.363537619613645,-0.354259649002533,-0.361507000355621,-0.372929524284378,-0.363892525649586,-0.374718602347721,-0.36875094430724,-0.374249271400948,-0.367453116377883,-0.364000491585237,-0.367547693138246
31.1,-0.372567459975496,-0.362433292785271,-0.364072921603511,-0.354739828603033,-0.361978991455727,-0.373453655768793,-0.364440763281688,-0.375284920195004,-0.369299865846683,-0.374759771468402,-0.367958420826899,-0.36453091002053,-0.368138370362543
31.2,-0.372971846008594,-0.36295325163256,-0.364616951911436,-0.355225742163992,-0.362456979189023,-0.373985876596951,-0.364990344244241,-0.375859524490205,-0.369856081346909,-0.375277140763138,-0.368468031464537,-0.365066549614704,-0.368735531562102
31.3,-0.373382448920614,-0.363479655770548,-0.365169808797958,-0.355717523489088,-0.362941009138318,-0.374526247577236,-0.365541300570896,-0.37644270347881,-0.370419764283196,-0.375801486819773,-0.368982154510566,-0.365607592062207,-0.369339218032163
31.4,-0.373799304243664,-0.364012529928256,-0.365731577996148,-0.356215270850606,-0.363431111037425,-0.375074814295181,-0.366093661713073,-0.377034772573465,-0.370991077410923,-0.376332909505097,-0.369500993162032,-0.366154214854859,-0.369949453881167
31.5,-0.374222432827606,-0.364551883120212,-0.366302332279577,-0.356719051777386,-0.363927298516961,-0.375631606824966,-0.366647454500304,-0.377636036601523,-0.371570171678219,-0.376871500710807,-0.370024747012612,-0.366706590735385,-0.370566245660963
31.6,-0.374651840694836,-0.365097708382062,-0.366882131047687,-0.357228906663836,-0.364429568909813,-0.376196639519166,-0.36720270310222,-0.378246736292361,-0.372157185093295,-0.377417344045335,-0.370553611429995,-0.367264887117494,-0.371189582057867
31.7,-0.375087518944601,-0.365649982554158,-0.367471019931079,-0.357744851438969,-0.364937903118401,-0.376769910892908,-0.367759428992074,-0.378866998624732,-0.372752241550863,-0.37797051452578,-0.371087776890459,-0.367829265472428,-0.371819433649091
31.8,-0.375529443708851,-0.366208666114051,-0.368069030419603,-0.358266879543914,-0.365452265545595,-0.377351403621533,-0.368317650912045,-0.379496814722259,-0.373355449623121,-0.378531078270735,-0.37162742826978,-0.368399880682019,-0.372455752729055
31.9,-0.375977576161164,-0.366773703058379,-0.368676179515844,-0.358794963420283,-0.365972604090733,-0.377941084674832,-0.368877384840236,-0.380136056293066,-0.373966901322176,-0.379099092195144,-0.372172744090374,-0.368976880358666,-0.373098473209738
32,-0.376431862580046,-0.367345020833991,-0.369292469416963,-0.359329055661217,-0.366498850211592,-0.378538905614275,-0.369438643959379,-0.380784520425542,-0.374586670841728,-0.379674603708284,-0.372723895724805,-0.369560404133021,-0.373747510598968
32.1,-0.376892234467434,-0.367922530317608,-0.369917887227537,-0.359869089935665,-0.367030919052804,-0.379144803082312,-0.370001438627382,-0.38144198003448,-0.375214813287674,-0.38025765041613,-0.37328104655603,-0.370150582910497,-0.374402762060056
32.2,-0.377358608723039,-0.36850612584301,-0.37055240470632,-0.360414981764949,-0.367568709640812,-0.379758699513153,-0.370565776349699,-0.382108220941261,-0.375851363408157,-0.380848259829337,-0.373844351095584,-0.370747538098347,-0.375064106555733
32.3,-0.377830887874557,-0.369095685274701,-0.371195978049504,-0.360966629208428,-0.368112105144842,-0.38038050408923,-0.371131661753532,-0.382783059020982,-0.376496334335494,-0.381446449078273,-0.374413954061423,-0.371351380805305,-0.375731405078628
32.4,-0.378308960363618,-0.369691070126991,-0.371848547713261,-0.361523913498735,-0.368660973203153,-0.381010113952783,-0.371699096563951,-0.383466341085409,-0.377149716353587,-0.382052224636615,-0.374989989417543,-0.37196221101676,-0.376404500969733
32.5,-0.378792700886652,-0.370292125728147,-0.372510038278034,-0.362086699655377,-0.36921516631324,-0.381647415650889,-0.372268079581966,-0.384157936814624,-0.377811475705763,-0.382665582055027,-0.375572579378543,-0.372580116748415,-0.377083220325578
32.6,-0.379281970789769,-0.370898681430324,-0.373180358357103,-0.362654837097347,-0.369774522284238,-0.382292286736922,-0.37283860666458,-0.384857727933475,-0.378481553459559,-0.383286505706656,-0.376161833382785,-0.373205173182661,-0.377767372493677
32.7,-0.379776618515936,-0.371510550867009,-0.373859400551706,-0.363228160269049,-0.370338864749504,-0.382944597363134,-0.373410670706817,-0.38556559821176,-0.379159864445906,-0.383914968546096,-0.376757847038825,-0.373837441792002,-0.378456750654836
32.8,-0.380276480102724,-0.372127532261547,-0.374547041454695,-0.363806489289439,-0.370908003736756,-0.383604211573988,-0.373984261625834,-0.386281425681996,-0.379846296291305,-0.384550931883743,-0.377360701050611,-0.374476969455048,-0.379151132489816
32.9,-0.38078140351065,-0.372749431657856,-0.375243182416202,-0.364389653212322,-0.371481757758711,-0.38427102224487,-0.374559373689857,-0.387005114842607,-0.380540746861696,-0.38519438139367,-0.37797049421501,-0.375123823387451,-0.37985030306585
33,-0.381291198797988,-0.37337601407636,-0.37594766576332,-0.364977442422221,-0.372059908285913,-0.384944879280523,-0.375135990545894,-0.387736515548398,-0.38124304407962,-0.385845253413865,-0.378587274576655,-0.375778018598853,-0.380554007572931
33.1,-0.381805643272345,-0.374007009596792,-0.376660278701789,-0.365569614368765,-0.372642205668052,-0.385625590315787,-0.375714085597601,-0.388475424520304,-0.381952949421223,-0.386503436283138,-0.379211037165903,-0.376439516648363,-0.381261958278571
33.2,-0.382324528988793,-0.37464215876695,-0.37738083443287,-0.366165938703469,-0.373228411972943,-0.386312983580813,-0.376293636648455,-0.389221659128076,-0.382670233718474,-0.387168842498909,-0.379841791558425,-0.377108296735221,-0.381973878753736
33.3,-0.382847638776694,-0.375281189297727,-0.378109130967495,-0.366766174523808,-0.373818279293237,-0.387006865115717,-0.376874618476588,-0.389975018713688,-0.383394637849032,-0.387841372080971,-0.380479526951514,-0.37778431913824,-0.382689481538774
33.4,-0.383374746980462,-0.375923816834097,-0.378844951454926,-0.367370071224606,-0.374411550589315,-0.387707009590134,-0.377457002832053,-0.390735284684077,-0.384125872752994,-0.388520912480649,-0.381124211132091,-0.378467524440137,-0.383408469202582
33.5,-0.383905620227248,-0.376569745826943,-0.379588064567612,-0.36797736937868,-0.375007960561807,-0.388413151556113,-0.378040758436435,-0.391502220878674,-0.384863619678691,-0.389207338519776,-0.381775789489225,-0.379157832801656,-0.384130535438857
33.6,-0.384440018217042,-0.377218670506279,-0.380338224941629,-0.368587801643043,-0.375607236548717,-0.389124979752767,-0.378625850984782,-0.392275574117709,-0.385607530672785,-0.389900512361211,-0.382434184084374,-0.379855143296287,-0.384855366189863
33.7,-0.384977694530748,-0.377870275951485,-0.381095173672235,-0.369201093686486,-0.376209099441697,-0.389842136897326,-0.3792122431499,-0.393055074873867,-0.38635722932726,-0.39060028351319,-0.383099292792947,-0.380559333316426,-0.385582640788249
33.8,-0.385518397451474,-0.378524239249997,-0.381858638863353,-0.369816965133895,-0.376813264616394,-0.39056422608203,-0.379799894589047,-0.393840438032797,-0.387112311792758,-0.391306488869334,-0.383770988531609,-0.381270258062338,-0.386312033107431
33.9,-0.386061870794269,-0.37918023073059,-0.382628336229542,-0.370435130522375,-0.377419442871294,-0.391290822845321,-0.38038876195308,-0.39463136372266,-0.387872348064553,-0.392018952786353,-0.384449118585884,-0.381987750125292,-0.387043212711262
34,-0.386607854739583,-0.379837915254245,-0.383403969748432,-0.371055300264081,-0.378027341369576,-0.392021490144045,-0.38097879889803,-0.39542753820097,-0.38863688354299,-0.392737487201126,-0.385133504053227,-0.382711619176284,-0.387775845994375
34.1,-0.387156086665806,-0.380496953542404,-0.384185232361596,-0.37167718161044,-0.378636664578809,-0.392755792735797,-0.381569956099187,-0.396228634791897,-0.38940544086643,-0.393461891788911,-0.38582393941617,-0.383441651771389,-0.388509597304737
34.2,-0.387706301976031,-0.381157003521628,-0.384971806720775,-0.37230047961242,-0.379247115202925,-0.393493308140938,-0.382162181267678,-0.397034314869496,-0.390177522009506,-0.394191954164189,-0.386520192260366,-0.384177611284334,-0.389244130040997
34.3,-0.388258234914676,-0.381817721663582,-0.385763365976766,-0.372924898071544,-0.379858395101437,-0.394233632879597,-0.382755419169595,-0.397844228883572,-0.390952610635196,-0.394927450125446,-0.387222003151599,-0.384919237976575,-0.389979107717747
34.4,-0.388811619369582,-0.382478764301041,-0.386559574607252,-0.373550140476461,-0.380470206190957,-0.394976384234039,-0.3833496116477,-0.398658017424868,-0.391730174683913,-0.395668143945093,-0.3879290856848,-0.385666249213826,-0.390714194992662
34.5,-0.389366189655248,-0.383139788902972,-0.38736008927997,-0.374175910919976,-0.381082251324097,-0.395721198770135,-0.383944697645668,-0.399475312326364,-0.392509669177816,-0.396413788705379,-0.388641126717433,-0.386418339837031,-0.391449058650162
34.6,-0.389921681273494,-0.383800455295191,-0.388164559746962,-0.374801914991664,-0.381694235141489,-0.396467729124381,-0.384540613234961,-0.400295737796779,-0.393290539214155,-0.397164126681039,-0.389357786797419,-0.387175182694649,-0.392183368537345
34.7,-0.390477831647618,-0.384460426816124,-0.388972629765689,-0.375427860641521,-0.382305864892539,-0.39721564032825,-0.385137291644355,-0.401118911582122,-0.39407222311673,-0.397918889768928,-0.390078700794754,-0.387936429341183,-0.392916798448143
34.8,-0.39103438082688,-0.385119371400915,-0.389783938042262,-0.376053459010385,-0.382916851221228,-0.397964606498927,-0.385734663292001,-0.401944446150137,-0.39485415571038,-0.39867779996483,-0.390803478743039,-0.388701710905224,-0.393649026953224
34.9,-0.391591072158064,-0.385776962589766,-0.390598119191983,-0.37667842522307,-0.383526908913553,-0.398714308297657,-0.386332655820278,-0.402771949892584,-0.39563577168058,-0.399440569887085,-0.391531706895517,-0.389470639128536,-0.394379738172793
35,-0.392147652921517,-0.386432880458724,-0.391414804712136,-0.377302479140855,-0.384135757603352,-0.399464431247939,-0.386931194133171,-0.403601028339244,-0.396416508976914,-0.400206903346621,-0.392262948996626,-0.390242807574934,-0.395108622491146
35.1,-0.39270387492913,-0.387086812473223,-0.392233623962024,-0.377925346069989,-0.384743122434057,-0.400214664828964,-0.387530200436454,-0.404431285377442,-0.397195812217416,-0.400976495962097,-0.392996747768032,-0.391017793006023,-0.395835377211603
35.2,-0.393259495082368,-0.387738454265565,-0.393054205144823,-0.378546757423624,-0.385348734674112,-0.4009647021844,-0.388129594280422,-0.40526232447077,-0.397973136050265,-0.401749035819302,-0.393732626604154,-0.391795156918069,-0.396559707151338
35.3,-0.393814275888598,-0.388387510338362,-0.393876176286243,-0.379166451334865,-0.385952332284166,-0.401714240275226,-0.388729292605434,-0.40609374986983,-0.398747948428434,-0.402524204172514,-0.394470091469779,-0.392574447231878,-0.397281325176128
35.4,-0.394367973248559,-0.389033663856369,-0.39469917260373,-0.379784151483962,-0.386553635780351,-0.402462969643915,-0.389329211081573,-0.406925163940083,-0.399519699245697,-0.403301695568414,-0.395208638477363,-0.393355209870396,-0.397999920732096
35.5,-0.394920370748362,-0.389676664622209,-0.395522811210321,-0.380399628223798,-0.387152418065099,-0.403210601528597,-0.389929258543513,-0.407756172510665,-0.400287917712203,-0.404081154043585,-0.395947729430696,-0.394136952227401,-0.398715251081097
35.6,-0.395471250581308,-0.390316247576274,-0.396346725460863,-0.381012643256744,-0.387748440319141,-0.403956847792778,-0.39052934433363,-0.408586389431236,-0.401052130539656,-0.404862244851674,-0.39668683098998,-0.394919192834698,-0.399427056120884
35.7,-0.396020402185287,-0.390952158663333,-0.397170552343162,-0.3816229669517,-0.388341472193715,-0.40470142662996,-0.391129375395427,-0.409415434007458,-0.401811889230735,-0.40564462962774,-0.397425401819914,-0.395701444773026,-0.400135085357185
35.8,-0.396567622536262,-0.39158415519724,-0.39799393336193,-0.382230378691675,-0.388931292122609,-0.40544406326357,-0.391729256332619,-0.410242932069222,-0.402566772310766,-0.406427967262422,-0.398162895267907,-0.396483217923256,-0.400839098147752
35.9,-0.397112716397492,-0.392212006164469,-0.398816515389667,-0.382834667168412,-0.389517687584194,-0.406184490599481,-0.392328889470885,-0.411068516991119,-0.403316387258697,-0.407211914799864,-0.398898762128823,-0.397264021271951,-0.401538863893663
36,-0.397655496525282,-0.392835492468102,-0.399637951480313,-0.383435630624432,-0.390100455314153,-0.406922449815793,-0.392928174922258,-0.41189183065956,-0.404060372117646,-0.407996128354685,-0.399632453467809,-0.398043365248437,-0.402234162179838
36.1,-0.398195783832143,-0.393454407113862,-0.400457901641807,-0.384033077043681,-0.390679401470386,-0.407657690881771,-0.393527010652291,-0.412712524381506,-0.404798396771589,-0.408780264043441,-0.400363423471358,-0.398820764070081,-0.40292478286718
36.2,-0.398733407508821,-0.394068555339844,-0.401276033564152,-0.384626824292318,-0.391254341751604,-0.408389973002479,-0.394125292549656,-0.413530259729915,-0.405530163880431,-0.409563978925656,-0.401091132295836,-0.399595738071163,-0.403610526138842
36.3,-0.399268205106324,-0.394677754691912,-0.402092023299862,-0.385216700211192,-0.391825101471362,-0.409119064988632,-0.394722914498621,-0.414344709321976,-0.40625540947213,-0.410346931949286,-0.401815048881845,-0.400367815991128,-0.404291202503129
36.4,-0.399800022579964,-0.3952818350464,-0.402905555893994,-0.3858025426621,-0.392391515589584,-0.409844745553295,-0.395319768453893,-0.415155557526545,-0.406973903195632,-0.411128784894948,-0.402534653703256,-0.401136537198192,-0.40496663275595
36.5,-0.40032871429694,-0.395880638582544,-0.403716325961677,-0.38638419952992,-0.392953428703972,-0.410566803537968,-0.395915744518222,-0.415962501098151,-0.407685448244734,-0.411909203314026,-0.403249441420273,-0.40190145382462,-0.405636647905331
36.6,-0.400854143009633,-0.396474019706791,-0.404524038210998,-0.386961528683141,-0.393510695003257,-0.411285038071655,-0.396510731022453,-0.416765249735022,-0.40838988096703,-0.412687857454487,-0.403958923407014,-0.402662132791709,-0.406301089061217
36.7,-0.401376179796602,-0.39706184493169,-0.405328407910165,-0.387534397895189,-0.394063178185273,-0.411999258666645,-0.39710461460816,-0.417563526559887,-0.409087070177406,-0.41346442316906,-0.404662630126292,-0.403418157703491,-0.406959807293069
36.8,-0.401894703973599,-0.397643992711783,-0.406129161297551,-0.388102684729442,-0.394610751342064,-0.412709285255171,-0.397697280312756,-0.418357068522623,-0.409776916198857,-0.414238582800342,-0.405360113326199,-0.404169130590623,-0.407612663458446
36.9,-0.402409602976674,-0.398220353239812,-0.406926035934493,-0.388666276390423,-0.395153296814834,-0.413414948171044,-0.398288611657047,-0.419145626724391,-0.410459349656602,-0.415010026036856,-0.406050948036243,-0.404914673487459,-0.408259528005377
37,-0.402920772219839,-0.398790828205899,-0.407718781000296,-0.389225069544376,-0.395690706021458,-0.414116088080656,-0.398878490735319,-0.419928966663894,-0.411134330054094,-0.415778450735345,-0.406734734344018,-0.405654429828795,-0.408900280751271
37.1,-0.403428114929613,-0.399355330523125,-0.408507157530109,-0.389778970111767,-0.396222879259073,-0.414812555867227,-0.399466798307631,-0.420706868406667,-0.411801844160665,-0.416543563703519,-0.407411098936392,-0.406388065654358,-0.409534810641423
37.2,-0.403931541958646,-0.399913784022553,-0.40929093859591,-0.390327893034783,-0.396749725484673,-0.415504212472918,-0.400053413894675,-0.421479126679039,-0.412461904242196,-0.417305081438734,-0.408079696393579,-0.407115270612961,-0.410163015489562
37.3,-0.404430971580889,-0.400466123121116,-0.410069909432149,-0.390871762022708,-0.397271162076148,-0.416190928702504,-0.400638215874763,-0.422245550888861,-0.413114546165729,-0.418062730817885,-0.408740210228065,-0.407835758760571,-0.410784801703374
37.4,-0.404926329270653,-0.401012292465728,-0.410843867506938,-0.391410509277943,-0.397787114576577,-0.416872584992878,-0.401221081583208,-0.423005965075946,-0.413759827409013,-0.41881624973427,-0.409392353664097,-0.408549269149867,-0.41140008399745
37.5,-0.405417547467437,-0.401552246556606,-0.411612622540809,-0.39194407520544,-0.398297516423927,-0.417549071152072,-0.401801887413824,-0.423760207794882,-0.414397825004856,-0.419565387677449,-0.410035870157412,-0.409255566211324,-0.412008785096002
37.6,-0.405904565329288,-0.402085949353462,-0.41237599647507,-0.39247240810822,-0.3988023086692,-0.418220286071821,-0.40238050892269,-0.424508131934186,-0.415028633448808,-0.420309906253061,-0.410670533658957,-0.409954439929515,-0.412610835427933
37.7,-0.40638732847621,-0.402613373867508,-0.413133823391738,-0.392995463871771,-0.39930143968469,-0.41888613741707,-0.402956820933928,-0.425249604475284,-0.41565236259677,-0.421049579639242,-0.41129614862906,-0.410645705819802,-0.413206172816304
37.8,-0.406865767424521,-0.403134470824243,-0.413885920742415,-0.39351317944175,-0.399794836707684,-0.41954651421909,-0.403530685090812,-0.425984473463427,-0.41626910213398,-0.421784169200841,-0.411912503974279,-0.411329165975099,-0.41379470874868
37.9,-0.407339839391858,-0.403649230037855,-0.414632144589085,-0.394025524551773,-0.400282461397063,-0.42020133970211,-0.404101973251569,-0.426712631786414,-0.416878988481728,-0.422513472682275,-0.412519462739355,-0.412004684562934,-0.414376394288542
38,-0.40780952903032,-0.404157680209228,-0.415372392800154,-0.39453250209717,-0.400764310426862,-0.420850572734834,-0.404670570640527,-0.42743401930689,-0.417482199521309,-0.423237329259895,-0.413116964669985,-0.412672190463411,-0.414951220911738
38.1,-0.408274805260825,-0.404659826490586,-0.416106546662007,-0.395034095160937,-0.401240358586011,-0.421494152829116,-0.405236350248251,-0.428148556260833,-0.418078886278567,-0.423955567023699,-0.413704932601889,-0.41333159807014,-0.415519153034645
38.2,-0.408735642095228,-0.405155680920108,-0.416834498561061,-0.395530292730879,-0.401710586445939,-0.422132026477736,-0.405799184896623,-0.428856175006276,-0.418669205183714,-0.424668027908029,-0.414283316614619,-0.413982844522712,-0.4160801608882
38.3,-0.409192018360658,-0.405645261988983,-0.417556151671775,-0.396021089364031,-0.402174980054304,-0.422764146774727,-0.406358947356217,-0.429556819514853,-0.4192533163402,-0.425374567735118,-0.414852092843333,-0.414625888720922,-0.416634220212949
38.4,-0.409643917425957,-0.406128594212874,-0.418271419617083,-0.396506484854461,-0.402633530632187,-0.423390473034081,-0.406915510465388,-0.430250444835713,-0.419831381902186,-0.42607505619018,-0.415411262159182,-0.415260710233251,-0.41718131196022
38.5,-0.410091326931768,-0.406605707709711,-0.418980226104638,-0.396986483905898,-0.403086234276114,-0.424010970409105,-0.407468747250975,-0.430937016536692,-0.420403564567133,-0.426769376730061,-0.415960848740322,-0.41588730811619,-0.417721422000443
38.6,-0.410534238525287,-0.407076637785596,-0.419682504541959,-0.397461095810708,-0.403533091665974,-0.424625609514634,-0.408018531050515,-0.431616510127091,-0.420970026188068,-0.42745742642717,-0.416500898554336,-0.416505699661667,-0.41825454083958
38.7,-0.410972647600638,-0.407541424530447,-0.420378197633842,-0.397930334136199,-0.403974107779942,-0.425234366053952,-0.408564735636068,-0.432288910466778,-0.421530926508144,-0.428139115751239,-0.417031477773718,-0.417115919088977,-0.418780663344575
38.8,-0.411406553045789,-0.408000112424711,-0.421067256964797,-0.398394216419429,-0.404409291617347,-0.425837220452189,-0.409107235339277,-0.432954211165738,-0.42208642201783,-0.428814368291903,-0.417552671144067,-0.417718016197354,-0.419299788478301
38.9,-0.411835956996926,-0.408452749958265,-0.421749642569845,-0.398852763871497,-0.404838655930212,-0.42643415749783,-0.40964590517791,-0.433612413978152,-0.422636664934262,-0.429483120425397,-0.418064580325026,-0.418312054994716,-0.419811919044854
39,-0.412260864600816,-0.40889938926278,-0.422425322496337,-0.399306001091984,-0.405262216964215,-0.42702516599352,-0.410180620983616,-0.434263528194868,-0.423181802300211,-0.430145320929086,-0.418567322221434,-0.418898112316861,-0.420317061445549
39.1,-0.41268128378573,-0.409340085758205,-0.423094272359735,-0.399753955794204,-0.405679994209592,-0.427610238417611,-0.41071125953088,-0.434907570037988,-0.423721975199324,-0.430800930547797,-0.419061027321754,-0.419476276450672,-0.420815225445919
39.2,-0.413097225041629,-0.409774897814128,-0.423756474895817,-0.400196658542073,-0.406092010162432,-0.42818937059745,-0.411237698667068,-0.43554456206074,-0.424257318083327,-0.431449921516136,-0.419545838058999,-0.420046645773722,-0.421306423954193
39.3,-0.413508701209722,-0.410203886426615,-0.424411919511939,-0.400634142498576,-0.406498290096767,-0.428762561395055,-0.411759817443552,-0.436174532555811,-0.424787958205877,-0.432092277041367,-0.420021907207383,-0.420609327420982,-0.421790672811155
39.4,-0.413915727281958,-0.41062711491099,-0.425060601839657,-0.401066443186587,-0.406898861847757,-0.429329812406337,-0.412277496247779,-0.436797514975015,-0.425314015157647,-0.432727990751398,-0.420489396327154,-0.421164435989053,-0.422267990591861
39.5,-0.414318320210447,-0.411044648610707,-0.425702523290764,-0.401493598262073,-0.407293755606056,-0.429891127674065,-0.412790616936229,-0.437413547362669,-0.425835600496002,-0.433357066112603,-0.42094847426739,-0.421712092285723,-0.42273839841889
39.6,-0.41471649872721,-0.411456554622544,-0.42633769061892,-0.401915647299699,-0.407683003723541,-0.430446513415332,-0.413299062968178,-0.438022671805144,-0.426352817463242,-0.433979515822034,-0.421399315735654,-0.422252422132783,-0.423201919787271
39.7,-0.415110283174092,-0.411862901538327,-0.426966115488504,-0.402332631591271,-0.408066640530409,-0.430995977763676,-0.413802719540216,-0.438624933898324,-0.426865760786583,-0.434595361179217,-0.421842099941614,-0.422785555227498,-0.423658580401043
39.8,-0.415499695343146,-0.41226375920278,-0.42758781405252,-0.402744593956515,-0.408444702163617,-0.431539530526165,-0.414301473721389,-0.439220382234969,-0.427374516553215,-0.43520463144182,-0.422277009319732,-0.423311624068026,-0.424108408021064
39.9,-0.415884758327159,-0.412659198487772,-0.428202806540886,-0.403151578566495,-0.408817226406638,-0.432077182955549,-0.414795214588903,-0.43980906791324,-0.427879162153857,-0.435807363170021,-0.422704228335625,-0.423830762946034,-0.424551432324215
40,-0.41626549638036,-0.413049291082402,-0.428811116860585,-0.403553630779197,-0.409184252540167,-0.432608947537455,-0.415283833364407,-0.440391044067548,-0.428379766288335,-0.436403599564053,-0.423123942378362,-0.424343107009446,-0.424987684773269
40.1,-0.416641934789284,-0.41343410929886,-0.429412772208514,-0.403950796987461,-0.409545821203927,-0.433134837792662,-0.415767223550622,-0.440966365423064,-0.428876389026769,-0.436993389799281,-0.423536336740595,-0.424848791396592,-0.425417198497645
40.2,-0.417014099753367,-0.413813725893561,-0.430007802698443,-0.404343124478488,-0.409901974268964,-0.433654868094112,-0.416245281068325,-0.441535087874017,-0.429369081920479,-0.437576788362989,-0.423941595686652,-0.425347950442775,-0.425840008184417
40.3,-0.41738197691221,-0.414188164333329,-0.430596176710858,-0.404730614810323,-0.410252702474361,-0.434168996346887,-0.416717850155847,-0.442097204501434,-0.429857850397211,-0.438153792924038,-0.424339835188908,-0.425840655557221,-0.426256084971237
40.4,-0.417745635879134,-0.414557548762528,-0.431177994132094,-0.405113364125496,-0.410598102921796,-0.434677295596926,-0.417184884372856,-0.44265283705669,-0.430342767754972,-0.438724529381439,-0.424731304822935,-0.426327101239007,-0.426665532127045
40.5,-0.418105104986657,-0.414921952340131,-0.431753291782644,-0.405491421678644,-0.410938220536341,-0.435179781828578,-0.417646287802647,-0.443202042653023,-0.430823860847368,-0.439289064330779,-0.425116180934908,-0.426807415278254,-0.427068388490277
40.6,-0.418460413093914,-0.415281448093979,-0.432322108049414,-0.405864837166079,-0.411273101061843,-0.435676471285643,-0.418101967501683,-0.443744878124713,-0.431301148848311,-0.439847467095668,-0.425494635954399,-0.427281722182365,-0.427464694114683
40.7,-0.418811589513302,-0.415636108811994,-0.432884482592194,-0.40623366063987,-0.411602790982241,-0.436167380358759,-0.418551833637201,-0.444281399731697,-0.431774643531781,-0.440399809127387,-0.425866837883035,-0.427750142732452,-0.427854490206786
40.8,-0.419158663945004,-0.41598600694551,-0.433440456066901,-0.406597942431558,-0.411927337451745,-0.436652525485522,-0.418995799624738,-0.444811662888527,-0.43224434957119,-0.440946163426179,-0.426232949857489,-0.428212793602723,-0.428237819071188
40.9,-0.419501666419425,-0.416331214524297,-0.433990069865465,-0.406957733084846,-0.412246788233018,-0.437131923062649,-0.419433782265507,-0.445335721917705,-0.432710264854845,-0.441486603985855,-0.426593129782631,-0.42866978703929,-0.428614724063413
41,-0.419840627247057,-0.416671803082517,-0.434533365872597,-0.407313083297058,-0.41256119164332,-0.437605589369933,-0.419865701883506,-0.44585362982653,-0.43317238081391,-0.442021205264008,-0.426947530030823,-0.429121230595558,-0.428985249549896
41.1,-0.420175576975289,-0.417007843595064,-0.435070386238934,-0.407664043868722,-0.412870596507982,-0.438073540505208,-0.420291482462349,-0.44636543810697,-0.433630682760011,-0.442550041679422,-0.427296297202986,-0.429567226920494,-0.429349440874625
41.2,-0.420506546351983,-0.417339406423753,-0.435601173170538,-0.408010665660864,-0.413175052120819,-0.438535792329913,-0.420711051781761,-0.446871196557854,-0.43408515022966,-0.443073187137875,-0.427639571947129,-0.430007873596477,-0.429707344331912
41.3,-0.420833566295269,-0.417666561272541,-0.436125768734488,-0.40835299955958,-0.413474608211262,-0.438992360424642,-0.421124341553605,-0.447370953128348,-0.43453575733281,-0.443590714587634,-0.42797748882979,-0.430443263023223,-0.43005900714509
41.4,-0.421156667869317,-0.417989377151357,-0.436644214679957,-0.408691096447377,-0.413769314917454,-0.439443260054095,-0.421531287557436,-0.447864753782326,-0.434982473103803,-0.44410269560518,-0.428310176256331,-0.430873482343892,-0.43040447745056
41.5,-0.421475882265625,-0.418307922347904,-0.437156552274578,-0.409025007180865,-0.4140592227653,-0.43988850614095,-0.421931829775588,-0.448352642382238,-0.435425261852331,-0.444609200011897,-0.428637756435358,-0.431298613410385,-0.430743804286787
41.6,-0.421791240789489,-0.418622264406812,-0.437662822155477,-0.409354782574335,-0.414344382652658,-0.440328113247973,-0.422325912527456,-0.448834660591931,-0.435864083512941,-0.445110295522076,-0.428960345383727,-0.431718732784191,-0.431077037587894
41.7,-0.422102774851296,-0.418932470115608,-0.438163064194572,-0.409680473388806,-0.414624845838792,-0.440762095567958,-0.422713484603456,-0.449310847797288,-0.436298893991639,-0.445606047422031,-0.429278052967632,-0.432133911769239,-0.431404228181446
41.8,-0.422410515962299,-0.419238605496961,-0.438657317377416,-0.410002130326077,-0.414900663938086,-0.441190466920753,-0.423094499397893,-0.449781241043838,-0.436729645508169,-0.446096518280546,-0.429590982976054,-0.432544216474035,-0.43172542779013
41.9,-0.422714495734497,-0.419540735806638,-0.439145619695156,-0.410319804027393,-0.415171888918208,-0.441613240757022,-0.423468915041409,-0.450245874990142,-0.437156286932995,-0.446581767690126,-0.42989923322326,-0.43294970789953,-0.4320406890367
42,-0.42301474588432,-0.419838925536747,-0.439628008048955,-0.410633545076434,-0.415438573102064,-0.442030430168204,-0.423836694532418,-0.450704781876362,-0.437578764118039,-0.447061852038645,-0.43020289567642,-0.43335044205024,-0.432350065452287
42.1,-0.423311298239795,-0.420133238423581,-0.440104518166272,-0.410943404005963,-0.415700769173267,-0.442442047901929,-0.42419780586773,-0.451157991506642,-0.437997020220428,-0.447536824310786,-0.430502056605501,-0.433746470065494,-0.432653611487176
42.2,-0.423604184750792,-0.420423737459935,-0.440575184528173,-0.411249431308092,-0.41595853018479,-0.442848106382756,-0.42455222217239,-0.451605531244649,-0.438410996018496,-0.448006733918327,-0.430796796752207,-0.434137838368457,-0.432951382524286
42.3,-0.423893437502294,-0.420710484911078,-0.44104004030751,-0.41155167744758,-0.416211909570464,-0.443248617737475,-0.42489992182838,-0.452047426021103,-0.438820630219831,-0.448471626558656,-0.431087191515243,-0.434524588830441,-0.433243434894731
42.4,-0.424179088730061,-0.420993542334228,-0.441499117316738,-0.411850192878053,-0.416460961159179,-0.443643593824653,-0.425240888602585,-0.452483698352653,-0.43922585976059,-0.448931544100421,-0.431373311149272,-0.434906758948219,-0.433529825895048
42.5,-0.424461170838776,-0.421272970600984,-0.441952445965249,-0.412145028060428,-0.416705739191081,-0.444033046267952,-0.425575111773498,-0.452914368370961,-0.43962662009621,-0.449386524494958,-0.431655220975179,-0.435284382032246,-0.433810613806199
42.6,-0.424739716422086,-0.42154882992253,-0.442400055225213,-0.412436233483837,-0.416946298336126,-0.444416986492846,-0.425902586257114,-0.453339453861118,-0.440022845482878,-0.449836601712965,-0.431932981599643,-0.435657487404028,-0.434085857913905
42.7,-0.425014741271316,-0.421821162963387,-0.442841944832271,-0.412723842391012,-0.417182673575764,-0.444795398855405,-0.426223279683373,-0.453758943075268,-0.440414446363058,-0.450281781944473,-0.432206629332795,-0.43602607868864,-0.434355591950356
42.8,-0.425286278905665,-0.422090029540258,-0.443278141167546,-0.413007906128293,-0.417414921310028,-0.445168294665881,-0.426537198796933,-0.454172849414356,-0.440801354425275,-0.450722091417549,-0.432476216727837,-0.436390178116966,-0.434619878175662
42.9,-0.425554379803423,-0.422355505236312,-0.443708696620684,-0.413288492955184,-0.417643118044595,-0.445535711966344,-0.426844389422762,-0.454581211174112,-0.441183524482942,-0.45115757578118,-0.432741811577036,-0.436749826218541,-0.434878805925753
43,-0.42581907755712,-0.422617647898784,-0.444133634183911,-0.413565653719068,-0.41786732039857,-0.445897661810673,-0.427144870439667,-0.454984037241697,-0.441560888630424,-0.451588252791079,-0.43300345784164,-0.437105038371022,-0.435132438756937
43.1,-0.426080406072635,-0.422876514869331,-0.44455297535111,-0.413839439423505,-0.418087585535139,-0.44625415527714,-0.427438666980399,-0.455381334466749,-0.441933379041467,-0.452014136237423,-0.433261195948263,-0.437455827036138,-0.435380841343823
43.2,-0.426338399597072,-0.423132163018655,-0.444966740123453,-0.414109901256587,-0.418303971186781,-0.446605203517541,-0.427725810550458,-0.455773107740483,-0.442300928195626,-0.45243523600514,-0.433515063027556,-0.437802201979092,-0.435624079502667
43.3,-0.426593092747214,-0.423384648781532,-0.445374947019763,-0.414377090619871,-0.418516535681396,-0.446950817807662,-0.428006339145737,-0.456159360078908,-0.442663469096054,-0.452851558150522,-0.433765093151471,-0.438144170487616,-0.435862220214728
43.4,-0.426844520538549,-0.423634028192397,-0.445777613091149,-0.414641059157679,-0.418725337968358,-0.44729100959831,-0.428280297368722,-0.456540092709844,-0.443020935478539,-0.453263104992379,-0.434011317568516,-0.438481737589764,-0.43609533164926
43.5,-0.427092718414549,-0.423880356921205,-0.446174753939263,-0.414901858786573,-0.418930437645108,-0.447625790566983,-0.428547736543677,-0.456915305163075,-0.443373262012366,-0.45366987521693,-0.434253764936045,-0.438814906269781,-0.436323483186235
43.6,-0.427337722276259,-0.424123690309302,-0.446566383737871,-0.415159541724889,-0.419131894983485,-0.44795517266984,-0.428808714830359,-0.457284995363117,-0.443720384492991,-0.45407186399484,-0.4344924615489,-0.439143677681395,-0.436546745438363
43.7,-0.427579568512045,-0.424364083405552,-0.446952515257286,-0.415414160522299,-0.419329770956136,-0.448279168193773,-0.429063297336477,-0.457649159724233,-0.444062240026985,-0.454469063109781,-0.434727431564136,-0.439468051358054,-0.436765190272667
43.8,-0.42781829402727,-0.424601591002026,-0.447333159891325,-0.415665768089009,-0.419524127262742,-0.448597789808563,-0.429311556228829,-0.458007793247105,-0.444398767209192,-0.454861461096763,-0.434958697220877,-0.439788025419525,-0.436978890831238
43.9,-0.428053936273976,-0.424836267669616,-0.447708327686344,-0.415914417724846,-0.419715026355805,-0.448911050618735,-0.429553570843213,-0.458360889616914,-0.444729906292697,-0.455249043389859,-0.435186279055531,-0.44010359677447,-0.437187921551211
44,-0.428286533280473,-0.425068167793207,-0.448078027371977,-0.416160163147893,-0.419902531466249,-0.449218964215017,-0.4297894277928,-0.458708441302251,-0.445055599351812,-0.455631792477678,-0.435410196111331,-0.440414761318882,-0.437392358183856
44.1,-0.428516123680671,-0.425297345606557,-0.448442266393521,-0.416403058522714,-0.420086706628372,-0.449521544725607,-0.430019221075419,-0.459050439654827,-0.445375790438118,-0.456009688066175,-0.435630466142635,-0.440721514129869,-0.437592277812644
44.2,-0.428742746743132,-0.425523855226558,-0.44880105094536,-0.416643158488013,-0.420267616704433,-0.449818806866547,-0.43024305217923,-0.459386875009301,-0.445690425730193,-0.456382707247438,-0.43584710581337,-0.441023849654649,-0.437787758870592
44.3,-0.428966442399909,-0.425747750686952,-0.449154386005278,-0.41688051818374,-0.420445327408544,-0.450110765991681,-0.430461030187275,-0.459717736783202,-0.445999453677061,-0.456750824673973,-0.436060130889551,-0.441321761894673,-0.437978881156153
44.4,-0.429187251274961,-0.425969085971639,-0.449502275369511,-0.417115193277632,-0.42061990533,-0.450397438141793,-0.430673271880459,-0.460043013576702,-0.446302825135761,-0.457114012737307,-0.43626955642596,-0.441615244584714,-0.438165725848347
44.5,-0.429405214712223,-0.426187915047103,-0.449844721688193,-0.417347239991037,-0.420791417955864,-0.450678840092938,-0.43087990183936,-0.460362693271717,-0.446600493503262,-0.457472241750492,-0.43647539694678,-0.441904291366822,-0.43834837552061
44.6,-0.429620374803273,-0.426404291894382,-0.450181726501059,-0.417576715123969,-0.420959933692865,-0.450954989403868,-0.431081052544478,-0.460676763130518,-0.446892414843071,-0.457825480133569,-0.436677666620139,-0.442188895959122,-0.438526914153658
44.7,-0.429832774414639,-0.426618270540366,-0.450513290273106,-0.417803676079675,-0.421125521888711,-0.451225904462659,-0.431276864475255,-0.460985209893448,-0.447178548006726,-0.458173694601614,-0.436876379426762,-0.442469052319424,-0.438701427147108
44.8,-0.430042457214515,-0.426829905088368,-0.450839412430328,-0.418028180888206,-0.421288252852283,-0.451491604532379,-0.431467486207641,-0.461288019875585,-0.447458854750485,-0.458516850354247,-0.437071549322623,-0.442744754803794,-0.438872001329886
44.9,-0.430249467699211,-0.42703924974812,-0.451160091395038,-0.418250288229404,-0.421448197873521,-0.451752109795698,-0.431653074510249,-0.46158517906231,-0.447733299847515,-0.458854911266562,-0.437263190395712,-0.443015998319878,-0.439038724969709
45,-0.430453851219118,-0.427246358865011,-0.451475324620863,-0.418470057455185,-0.421605429242191,-0.452007441398723,-0.431833794439255,-0.461876673203628,-0.448001851195791,-0.459187840080946,-0.437451317017155,-0.443282778475377,-0.439201687781263
45.1,-0.430655654004194,-0.427451286948888,-0.451785108627254,-0.418687548610826,-0.421760020266019,-0.452257621493638,-0.432009819431711,-0.462162487907053,-0.448264479921838,-0.459515598598856,-0.437635943986358,-0.443545091721305,-0.439360980933264
45.2,-0.430854898815924,-0.42765406838878,-0.452089385516421,-0.418902801314153,-0.421912020862582,-0.452502623238179,-0.432181288996187,-0.462442552766888,-0.448521101948576,-0.459838096418206,-0.437817052666947,-0.443802891657387,-0.439516662898245
45.3,-0.431051659033836,-0.427854779481128,-0.452388203441064,-0.41911589939741,-0.422061532322492,-0.452742521452159,-0.432348439834629,-0.462716909066392,-0.448771753330116,-0.460155344720765,-0.437994693458054,-0.444056220661217,-0.439668863763504
45.4,-0.431245983703225,-0.428053475402876,-0.45268155629649,-0.419326905129718,-0.422208631139138,-0.452977341586274,-0.432511471320795,-0.462985542534846,-0.449016415567541,-0.460467303628039,-0.438168883288918,-0.444305078565229,-0.439817679133264
45.5,-0.431437922847925,-0.428250211605515,-0.452969437176705,-0.419535881552784,-0.422353394889405,-0.453207110260379,-0.432670591572221,-0.463248439119112,-0.449255073773772,-0.460773933089894,-0.438339640049045,-0.444549466575969,-0.439963206083431
45.6,-0.431627527493724,-0.428445043840802,-0.453251838405432,-0.419742892499099,-0.422495902247935,-0.453431855301599,-0.432826017536667,-0.463505585068827,-0.449487716760822,-0.461075193072232,-0.438506982707306,-0.444789387394265,-0.440105543163522
45.7,-0.431814849691757,-0.42863802818651,-0.453528751566233,-0.419948002609072,-0.422636233000963,-0.453651605781671,-0.432977975077057,-0.463756967020195,-0.449714337124265,-0.461371043742627,-0.438670931426014,-0.445024845331225,-0.440244790397381
45.8,-0.431999942541381,-0.428829221071529,-0.453800167531937,-0.420151277347668,-0.422774468059354,-0.453866392053364,-0.433126699054897,-0.46400257207777,-0.449934931325354,-0.461661445654384,-0.43883150767065,-0.445255846420162,-0.440381049283237
45.9,-0.432182860212835,-0.429018679300773,-0.454066076493244,-0.420352783020545,-0.42291068947101,-0.454076245786353,-0.433272433412462,-0.46424238789502,-0.450149499770957,-0.461946359928213,-0.438988734315097,-0.445482398524471,-0.440514422792815
46,-0.432363657969799,-0.429206460079753,-0.454326467986377,-0.420552586789632,-0.42304498043287,-0.454281200002246,-0.43341543125344,-0.46447640275313,-0.450358046891423,-0.462225748431736,-0.439142635742626,-0.445704511442206,-0.440645015369614
46.1,-0.432542392191521,-0.429392621038944,-0.454581330920115,-0.420750756688099,-0.423177425302037,-0.454481289109036,-0.433555954922076,-0.464704605638285,-0.450560581216416,-0.462499573956715,-0.439293237942915,-0.445922197006543,-0.440772932926466
46.2,-0.43271912039503,-0.429577220258029,-0.454830653602004,-0.420947361635006,-0.423308109606809,-0.454676548935018,-0.433694276081073,-0.464926986317505,-0.45075711544945,-0.462767800393609,-0.439440568605164,-0.44613546918317,-0.440898282842323
46.3,-0.432893901257061,-0.429760316289916,-0.455074423763783,-0.421142471449386,-0.423437120056863,-0.454867016762115,-0.433830675787829,-0.465143535412942,-0.450947666540597,-0.463030392903477,-0.439584657207611,-0.446344344164438,-0.441021173958525
46.4,-0.433066794635839,-0.429941968184796,-0.455312628586202,-0.421336156864063,-0.423564544553264,-0.455052731358787,-0.433965444569215,-0.465354244474823,-0.451132255757921,-0.4632873180875,-0.439725535103366,-0.446548840460043,-0.441141716574288
46.5,-0.433237861592979,-0.430122235514196,-0.455545254723211,-0.421528489539047,-0.423690472197946,-0.455233733012575,-0.434098882495077,-0.465559106053015,-0.451310908757784,-0.463538544153525,-0.439863235603034,-0.446748978985188,-0.441260022441822
46.6,-0.433407164415277,-0.430301178394955,-0.45577228832551,-0.421719542074644,-0.423814993302906,-0.45541006356223,-0.434231299249948,-0.465758113767233,-0.451483655654167,-0.463784041080047,-0.439997794054328,-0.446944783145651,-0.441376204760834
46.7,-0.433574766636383,-0.430478857513497,-0.455993715063705,-0.421909388024315,-0.42393819939903,-0.455581766429706,-0.434363014203499,-0.465951262376135,-0.451650531086858,-0.464023780777225,-0.440129247918236,-0.447136278920368,-0.441490378172645
46.8,-0.433740733058801,-0.430655334150084,-0.456209520150853,-0.422098101907312,-0.424060183244822,-0.455748886651774,-0.434494356479278,-0.466138547845162,-0.451811574289253,-0.464257737245332,-0.440257636842972,-0.447323494941357,-0.441602658753997
46.9,-0.433905129775642,-0.430830670203365,-0.456419688364741,-0.422285759221134,-0.424181038834679,-0.455911470911684,-0.434625665022028,-0.466319967413224,-0.45196682915513,-0.46448588673024,-0.440383002734735,-0.447506462571345,-0.441713164010378
47,-0.434068024192768,-0.431004928215264,-0.456624204069905,-0.422472436453943,-0.424300861407139,-0.456069567570623,-0.434757288663353,-0.466495519658467,-0.452116344305175,-0.464708207876278,-0.440505389826364,-0.447685215979186,-0.441822012869347
47.1,-0.434229485050956,-0.431178171396,-0.456823051239307,-0.422658211096684,-0.424419747453019,-0.456223226699236,-0.434889586185894,-0.466665204563063,-0.452260173153191,-0.464924681876311,-0.440624844743406,-0.447859792213142,-0.441929325673333
47.2,-0.434389582448242,-0.431350463649721,-0.457016213475973,-0.42284316165539,-0.424537794723388,-0.456372500109198,-0.435022926385695,-0.466829023576953,-0.452398373971697,-0.465135292618929,-0.440741416568223,-0.448030231272091,-0.442035224172613
47.3,-0.434548387862477,-0.431521869600335,-0.457203674034605,-0.423027367663424,-0.424655102237486,-0.456517441384812,-0.435157688133177,-0.4669869796811,-0.452531009957759,-0.465340026833255,-0.440855156902035,-0.448196576175011,-0.442139831517929
47.4,-0.434705974174258,-0.431692454617939,-0.457385415843058,-0.423210909693676,-0.424771770290781,-0.456658105914982,-0.435294260432339,-0.467139077449599,-0.452658149298409,-0.465538874230766,-0.44096611992486,-0.448358873028619,-0.442243272253344
47.5,-0.434862415689908,-0.431862284845919,-0.457561421524214,-0.423393869371024,-0.424887900462813,-0.456794550925228,-0.435433042478223,-0.467285323111525,-0.452779865236378,-0.465731827644907,-0.441074362454308,-0.448517171093408,-0.442345672308896
47.6,-0.43501778330274,-0.432031424188444,-0.45773164512528,-0.423576327345733,-0.425003594003302,-0.456926815414328,-0.435574458606267,-0.467425696011151,-0.45289621034258,-0.465918854252817,-0.441179931262594,-0.448671503775774,-0.442447155146428
47.7,-0.435172155376608,-0.432199941408257,-0.45789606846341,-0.423758368608042,-0.425118956605745,-0.457054961286136,-0.435718934761799,-0.467560206036569,-0.453007269448845,-0.466099953582548,-0.441282889549817,-0.448821927687778,-0.44254785132211
47.8,-0.435325615913697,-0.432367908526695,-0.45805470157995,-0.423940080487484,-0.425234095911542,-0.457179071916826,-0.435866888460114,-0.4676888934471,-0.45311315770564,-0.466275157659182,-0.441383315501713,-0.448968521368866,-0.442647895385598
47.9,-0.435478245205118,-0.432535395087855,-0.458207526095967,-0.42412154897549,-0.42534911875667,-0.45729921226328,-0.436018760496697,-0.467811771753084,-0.453213969390736,-0.466444473254235,-0.441481277124352,-0.449111347423272,-0.442747418778927
48,-0.435630125089402,-0.432702471554711,-0.458354523442726,-0.42430286118082,-0.42546413330365,-0.457415449286459,-0.436175002120959,-0.467928856423044,-0.45330980417156,-0.466607910925182,-0.441576845335341,-0.449250471919583,-0.44284655429591
48.1,-0.435781338977902,-0.432869209340319,-0.458495674886305,-0.424484105343299,-0.425579249050586,-0.457527851986274,-0.436336075082801,-0.468040164942938,-0.453400767172567,-0.466765485140059,-0.441670094015237,-0.44938596444876,-0.44294543607605
48.2,-0.435931971880742,-0.433035680839877,-0.458630961553294,-0.424665370848291,-0.425694576840533,-0.457636491436933,-0.436502451677263,-0.468145716875246,-0.453486969043432,-0.466917214399891,-0.441761100058328,-0.449517898180729,-0.443044199599163
48.3,-0.436082110433035,-0.433201959463904,-0.45876036445735,-0.424846748241294,-0.425810228871352,-0.457741440823072,-0.436674614787159,-0.468245533918133,-0.453568526027592,-0.467063121359038,-0.441849943422887,-0.449646349920216,-0.44314298168013
48.4,-0.436231842921775,-0.433368119672079,-0.458883864526967,-0.425028329243143,-0.425926318705728,-0.457842775476482,-0.436853057923808,-0.468339639964285,-0.453645560031536,-0.467203232943102,-0.441936707180894,-0.449771400161282,-0.443241920464182
48.5,-0.436381259313208,-0.433534237008331,-0.45900144263428,-0.425210206765888,-0.42604296128177,-0.457940572913759,-0.437038285265562,-0.468428061160172,-0.453718198694914,-0.467337580465081,-0.442021477567621,-0.449893133141048,-0.443341155422953
48.6,-0.436530451280674,-0.433700388136861,-0.459113079625544,-0.42539247492886,-0.426160272923989,-0.458034912874572,-0.43723081169425,-0.468510825965119,-0.453786575461094,-0.467466199739169,-0.442104344030899,-0.450011636892199,-0.443440827350805
48.7,-0.436679512233149,-0.433866650879304,-0.459218756352751,-0.425575229075835,-0.426278371354707,-0.458125877360908,-0.437431162829505,-0.468587965210758,-0.453850829648716,-0.467589131192768,-0.442185399280432,-0.450127003294805,-0.443541078361939
48.8,-0.436828537344152,-0.434033104253035,-0.459318453707131,-0.425758565792364,-0.426397375706052,-0.458213550677094,-0.437639875060784,-0.468659512160546,-0.453911106523911,-0.467706419976421,-0.442264739337111,-0.450239328126869,-0.443642051888061
48.9,-0.436977623581408,-0.434199828510624,-0.459412152654281,-0.425942582924143,-0.426517406532397,-0.45829801947074,-0.437857495577195,-0.468725502569657,-0.453967557373409,-0.467818116071878,-0.442342463582406,-0.450348711114084,-0.443743892676909
49,-0.437126869736975,-0.434366905180503,-0.459499834271195,-0.426127379595878,-0.42663858582339,-0.458379372774658,-0.438084582394902,-0.468785974745184,-0.454020339578378,-0.467924274398259,-0.442418674807974,-0.450455255978493,-0.443846746791256
49.1,-0.437276376458046,-0.434534417108952,-0.459581479785346,-0.426313056231082,-0.42676103701752,-0.458457702049615,-0.438321704382198,-0.468840969606687,-0.454069616689214,-0.468024954916355,-0.442493479265409,-0.450559070486254,-0.443950761608937
49.2,-0.437426246278301,-0.434702448503325,-0.459657070616007,-0.426499714572516,-0.426884885016356,-0.458533101228218,-0.438569441282143,-0.468890530747161,-0.454115558501142,-0.468120222731141,-0.442566986716521,-0.450660266494221,-0.444056085823441
49.3,-0.437576583649823,-0.434871084976616,-0.459726588417831,-0.426687457703536,-0.427010256199213,-0.458605666759639,-0.438828383732621,-0.468934704494492,-0.454158341130623,-0.468210148192452,-0.442639310483575,-0.450758959995539,-0.444162869445498
49.4,-0.437727494975722,-0.435040413593449,-0.459790015126969,-0.426876390070325,-0.427137278438738,-0.458675497655447,-0.439099133283869,-0.468973539973411,-0.454198147092745,-0.468294806993968,-0.442710567500097,-0.450855271164243,-0.444271263805509
49.5,-0.437879088643362,-0.43521052291743,-0.459847333009939,-0.427066617505004,-0.427266081116783,-0.458742695536413,-0.439382302413407,-0.469007089167895,-0.454235165379335,-0.468374280270376,-0.442780878361769,-0.45094932439851,-0.444381421556693
49.6,-0.438031475057955,-0.43538150305993,-0.459898524715207,-0.427258247249633,-0.427396795141307,-0.458807364680397,-0.439678514538134,-0.469035406984265,-0.454269591538018,-0.468448654692889,-0.44285036737772,-0.451041248362929,-0.444493496679425
49.7,-0.438184766677145,-0.435553445730438,-0.459943573327884,-0.42745138798123,-0.42752955296364,-0.45886961207117,-0.439988404023802,-0.469058551314725,-0.454301627752079,-0.468518022563005,-0.442919162621833,-0.451131176029501,-0.444607644486252
49.8,-0.438339078045786,-0.4357264442883,-0.459982462427647,-0.427646149837909,-0.427664488596616,-0.458929547448438,-0.440312616191501,-0.469076583101613,-0.454331482921046,-0.468582481904495,-0.442987395984136,-0.451219244717319,-0.444724021628069
49.9,-0.438494525831536,-0.43590059379607,-0.46001517615005,-0.427842644445728,-0.427801737633319,-0.458987283358765,-0.440651807321409,-0.469089566402241,-0.454359372742273,-0.468642136554021,-0.443055203222136,-0.451305596131032,-0.444842786101121
50,-0.438651228861125,-0.436075991074572,-0.4600416992515,-0.428040984946921,-0.427941437266578,-0.45904293520761,-0.441006644653335,-0.469097568454373,-0.454385519793091,-0.468697096249591,-0.443122724012022,-0.451390376397931,-0.444964097255161
