"Freq [GHz]","dB(St(1,1)) [] - g_pillar_position='49.5um'","dB(St(1,1)) [] - g_pillar_position='62um'","dB(St(1,1)) [] - g_pillar_position='74.5um'","dB(St(1,1)) [] - g_pillar_position='87um'","dB(St(1,1)) [] - g_pillar_position='99.5um'","dB(St(1,1)) [] - g_pillar_position='112um'","dB(St(1,1)) [] - g_pillar_position='124.5um'","dB(St(1,1)) [] - g_pillar_position='137um'","dB(St(1,1)) [] - g_pillar_position='149.5um'","dB(St(1,1)) [] - g_pillar_position='162um'","dB(St(1,1)) [] - g_pillar_position='174.5um'","dB(St(1,1)) [] - g_pillar_position='187um'","dB(St(1,1)) [] - g_pillar_position='199.5um'"
1,-38.9117693447824,-37.4363326667895,-38.9027252855398,-39.2594732269149,-38.4526632828461,-37.7553986570096,-39.523033109917,-38.9170819949877,-37.2292641570756,-38.6451193473742,-38.3170206829564,-39.9783146337113,-39.1624629934447
1.1,-38.4222977298775,-37.1743917555458,-38.4158216846234,-38.8777375425756,-38.1279947442028,-37.4009747176159,-39.176350837579,-38.4748818057562,-36.9149200927235,-38.1726408793101,-38.0329786496244,-39.573907089106,-38.885065189334
1.2,-37.9527935776047,-36.9108426345571,-37.9499189912735,-38.5062722427908,-37.8032904472249,-37.0444530629205,-38.8232966494414,-38.0401637161943,-36.6154728622932,-37.7214149854315,-37.756890210301,-39.1978212514183,-38.6033681998692
1.3,-37.4986493665945,-36.6434851838126,-37.4998806199581,-38.1411710299099,-37.4770511909911,-36.6860112110156,-38.4678737006351,-37.6115612585329,-36.321813669759,-37.2844344056212,-37.4829979761267,-38.8354979967878,-38.316135744104
1.4,-37.057896636165,-36.3721391739246,-37.063488026313,-37.7811851375638,-37.1497056696282,-36.3271749996596,-38.1131585533037,-37.1894666282173,-36.0301303993957,-36.8589273996559,-37.2092834321261,-38.4804113203533,-38.0241171320442
1.5,-36.629783915149,-36.0975766172335,-36.6398896834767,-37.4262826143898,-36.8224505942753,-35.9698151850051,-37.7614722447324,-36.7748850826801,-35.7392419262193,-36.4440657854556,-36.9354923690753,-38.1300777204344,-37.7288439979101
1.6,-36.2140660059879,-35.8209503377388,-36.2288167495375,-37.0769176851449,-36.4966736355582,-35.6156958135428,-37.4145293183891,-36.3688917141309,-35.4492145641266,-36.0398264389907,-36.6621305198179,-37.7839758337319,-37.432029503915
1.7,-35.8106585882643,-35.543493847739,-35.8301958517544,-36.7336702921478,-36.1736826501364,-35.2662988976859,-37.0735643207121,-35.9723984784211,-35.1606436318675,-35.6464393792368,-36.3899629175371,-37.4424557096168,-37.135286005782
1.8,-35.4194810120131,-35.2663713548594,-35.4439689195134,-36.3970793555722,-35.8545946514761,-34.9227831006501,-36.7394365805549,-35.5860774280438,-34.8742878182216,-35.2641363785287,-36.1197755775271,-37.1061768024927,-36.8400094141232
1.9,-35.040394469519,-34.9906106458392,-35.0700195389944,-36.0675760184026,-35.5403057446969,-34.5860029630042,-36.4127152747338,-35.2103582827898,-34.5908917535692,-34.8930513486763,-35.852272138025,-36.7758310136153,-36.547348221713
2,-34.6731866590252,-34.7170809379469,-34.7081522219458,-35.7454667932305,-35.2314997496631,-34.2565514469378,-36.0937474153811,-34.8454574716714,-34.3111081818657,-34.5331945393298,-35.5880380975844,-36.4520182454562,-36.2582130551
2.1,-34.3175774263455,-34.4464942238021,-34.3580962039426,-35.4309400336052,-34.9286731692926,-33.9348076789135,-35.7827115419216,-34.4914170700146,-34.0354716548,-34.1844600350755,-35.3275373196469,-36.1352016315372,-35.9733033969443
2.2,-33.9732323825734,-34.1794179969145,-34.0195190631785,-35.1240818902796,-34.6321650525268,-33.6209817207318,-35.4796597401823,-34.1481435424342,-33.7643977157572,-33.8466459983175,-35.0711225959045,-35.8257025181355,-35.6931395054113
2.3,-33.6397781601067,-33.9162926236335,-33.6920428383582,-34.8248947929861,-34.3421862030503,-33.3151532521787,-35.1845502981496,-33.8154421557354,-33.4981936369777,-33.5194776864752,-34.8190511500826,-35.5237136084855,-35.4180937215123
2.4,-33.3168164649616,-33.6574497234687,-33.3752592598269,-34.5333151734272,-34.0588453262721,-33.017303505024,-34.8972729457245,-33.4930458026768,-33.2370734156495,-33.2026287917504,-34.5715007304123,-35.2293188922154,-35.1484186330839
2.5,-33.0039358674983,-33.4031296946678,-33.0687427523001,-34.249229068598,-33.7821713294907,-32.7273408907933,-34.6176682734716,-33.180638253718,-32.9811733625396,-32.8957394498063,-34.3285843917572,-34.9425146259555,-34.8842712554198
2.6,-32.7007211423576,-33.1534975276704,-32.77206088521,-33.9724852163036,-33.5121317855695,-32.4451211806344,-34.3455426111288,-32.8778723760079,-32.7305665743473,-32.5984306149682,-34.0903632942507,-34.6632287011815,-34.6257332182778
2.7,-32.4067603561238,-32.908656606542,-32.4847824165008,-33.7029057179007,-33.2486479235802,-32.1704631786547,-34.0806793803872,-32.5843840487577,-32.4852756150203,-32.3103150964638,-33.8568574293828,-34.3913373633252,-34.3728273190844
2.8,-32.1216500434838,-32.6686604956908,-32.206483260865,-33.4402945387974,-32.9916066331456,-31.9031607646512,-33.8228477180527,-32.2998025394952,-32.2452832580174,-32.031005765768,-33.628054439086,-34.1266790738237,-34.1255309338226
2.9,-31.8449988355729,-32.4335228566159,-31.9367507569564,-33.1844441767062,-32.7408699786581,-31.6429920614107,-33.5718089903724,-32.0237580589208,-32.0105413928134,-31.7601214774766,-33.4039167837274,-33.8690656972442,-33.8837867906499
3,-31.5764298740622,-32.2032257021754,-31.6751865863527,-32.9351408217896,-32.4962826774294,-31.3897263507905,-33.327321680573,-31.7558871218909,-31.7809783036128,-31.4972911984225,-33.1843875271859,-33.6182913531247,-33.6475115710778
3.1,-31.3155822951409,-31.9777262120629,-31.4214086496233,-32.6921682989325,-32.2576779346972,-31.1431292415223,-33.0891450229517,-31.4958362356607,-31.5565045573512,-31.2421567639424,-32.9693949855515,-33.3741393102935,-33.4166027431524
3.2,-31.0621120153017,-31.7569623250873,-31.175052151492,-32.455311039449,-32.0248819645472,-30.902966487456,-32.8570416722461,-31.2432643323524,-31.3370177303965,-30.9943746011104,-32.758856452378,-33.1363872824557,-33.1909439672731
3.3,-30.8156920030126,-31.5408573042496,-30.9357700968462,-32.2243562867983,-31.7977174666969,-30.6690067689887,-32.6307796314057,-30.9978442706962,-31.122406179725,-30.7536166871249,-32.5526811782502,-32.9048114410635,-32.9704093558292
3.4,-30.5760121795733,-31.3293234466922,-30.7032333558071,-31.999095702358,-31.5760062776284,-30.4410236812713,-32.4101336101857,-30.759263656005,-30.9125520355616,-30.5195709505136,-32.3507727501926,-32.6791894121445,-32.7548668158006
3.5,-30.3428092958764,-31.1222865299227,-30.4771605103516,-31.7793524578223,-31.3595963794007,-30.2188242903447,-32.1949113810567,-30.527255847859,-30.7073556813574,-30.2919713456112,-32.1530509117229,-32.4593295409066,-32.544203792475
3.6,-30.1158021414901,-30.9196438316518,-30.2572532074213,-31.5649273705073,-31.1483109107771,-30.0021927551799,-31.984900604403,-30.3015347142383,-30.5066915798587,-30.0705336065149,-31.9594117327,-32.2450153530514,-32.3382810504336
3.7,-29.8946975376042,-30.7212685452663,-30.0432026072198,-31.3556041309166,-30.9419534682174,-29.7908960301117,-31.7798742007147,-30.0818011298744,-30.3104127234454,-29.8549615029035,-31.7697312937574,-32.0360118035928,-32.1369375671219
3.8,-29.6792485272109,-30.5270537924622,-29.8347472073878,-31.1512004555989,-30.7403580116542,-29.584737394021,-31.5796402318638,-29.8678023245403,-30.1183954089004,-29.6450048219823,-31.5839060075319,-31.8321190236123,-31.9400373405338
3.9,-29.4692220482996,-30.3368919117766,-29.6316405870803,-30.9515413114063,-30.5433635445091,-29.3835283756185,-31.384015457796,-29.6592992941972,-29.93051737428,-29.4404272841751,-31.4018329398472,-31.6331446711972,-31.7474464879593
4,-29.2643981667611,-30.150675420764,-29.4336506311608,-30.7564589186438,-30.3508144547329,-29.1870887346049,-31.1928252277646,-29.4560661837586,-29.746658442592,-29.2410058400027,-31.2234103855553,-31.4389041640884,-31.5590339090241
4.1,-29.0645693167075,-29.9682977686001,-29.2405587506178,-30.5657926662734,-30.1625607127171,-28.9952463415921,-31.0059032946218,-29.2578896349811,-29.5667010011628,-29.0465299540076,-31.0485383140602,-31.2492207553014,-31.3746717674148
4.2,-28.869539560005,-29.789653918429,-29.0521591135228,-30.3793889631089,-29.9784579595484,-28.8078369858504,-30.8230915739993,-29.0645681215068,-29.3905303502609,-28.856800893204,-30.877118709498,-31.0639254922938,-31.1942358294335
4.3,-28.6791238729057,-29.6146407916428,-28.8682578964492,-30.197101043531,-29.798367511933,-28.6247041327163,-30.6442398652493,-28.8759112867267,-29.2180349479122,-28.6716310320833,-30.7090558257327,-30.8828570910328,-31.0176056898219
4.4,-28.4931474647762,-29.4431576004107,-28.6886725629787,-30.0187887420242,-29.6221563044716,-28.4456986469114,-30.469205547149,-28.6917392954104,-29.0491065725194,-28.4908431821766,-30.5442563724751,-30.7058617491085,-30.8446649091552
4.5,-28.3114451317943,-29.2751060899717,-28.5132311734926,-29.8443182475176,-29.4496967854985,-28.2706784938161,-30.2978532583615,-28.5118822065253,-28.8836404206257,-28.3142699512236,-30.3826296457451,-30.5327929164249,-30.6753010822038
4.6,-28.1338606469433,-29.1103907082579,-28.3417717286517,-29.6735618459178,-29.2808667791754,-28.0995084277165,-30.1300545702921,-28.3361793720639,-28.7215351537327,-28.1417531348467,-30.224087613419,-30.3635110376264,-30.5094058527481
4.7,-27.9602461865324,-28.9489187171938,-28.1741415476699,-29.5063976571962,-29.1155493237301,-27.932059673978,-29.9656876581489,-28.1644788647829,-28.5626929053344,-27.9731431420899,-30.0685449646015,-30.1978832770224,-30.3468748872005
4.8,-27.7904617926899,-28.7906002573789,-28.0101966815482,-29.342709371808,-28.9536324935234,-27.7682096107458,-29.8046369745771,-27.9966369363604,-28.4070192571187,-27.8082984550779,-29.915919129951,-30.0357832341438,-30.1876078168901
4.9,-27.6243748707516,-28.6353483757007,-27.8498013607769,-29.1823859899887,-28.7950092108633,-27.6078414548162,-29.6467929291214,-27.8325175064627,-28.2544231915119,-27.6470851222958,-29.7661302787763,-29.8770906560202,-30.031508156859
5,-27.4618597201094,-28.4830790236623,-27.6928274765594,-29.0253215665146,-28.6395770520918,-27.4508439555087,-29.4920515758937,-27.6719916824997,-28.1048170263204,-27.489376284465,-29.619101297661,-29.7216911506951,-29.8784832074136
5.1,-27.3027970968785,-28.3337110327647,-27.5391540943061,-28.8714149627663,-28.4872380513513,-27.2971110995046,-29.3403143111425,-27.5149373093422,-27.9581163360681,-27.3350517316633,-29.47475775451,-29.5694759052779,-29.7284439433894
5.2,-27.1470738066167,-28.1871660721042,-27.3886669979596,-28.7205696073631,-28.3378985045601,-27.1465418286902,-29.1914875818882,-27.3612385479388,-27.8142398637092,-27.1839974901252,-29.3330278512003,-29.4203414108967,-29.5813048950525
5.3,-26.9945823252879,-28.0433685923748,-27.2412582636026,-28.5726932661906,-28.1914687754383,-26.9990397721231,-29.0454826063776,-27.2107854815535,-27.6731094256479,-27.0361054370591,-29.1938423674499,-29.2741891961966,-29.436984023733
5.4,-26.8452204466619,-27.902245759681,-27.0968258607554,-28.4276978223039,-28.0478631049416,-26.8545129924453,-28.9022151067885,-27.0634737482144,-27.5346498123959,-26.8912729417699,-29.0571345980373,-29.1309255704818,-29.2954025946199
5.5,-26.6988909543859,-27.7637273819122,-26.9552732797616,-28.2854990659334,-27.9069994251816,-26.7128737464873,-28.7616050543724,-26.9192041979016,-27.398788686714,-26.7494025313902,-28.922840285121,-28.9904613771802,-29.156485048613
5.6,-26.55550131702,-27.6277458299048,-26.8165091836904,-28.1460164946236,-27.7687991789018,-26.5740382594589,-28.6235764270346,-26.777882572985,-27.2654564806928,-26.6104015795615,-28.7908975470895,-28.8527117579962,-29.0201588746981
5.7,-26.4149634044141,-27.4942359551795,-26.6804470832263,-28.0091731233938,-27.6331871458729,-26.4379265119735,-28.4880569792057,-26.6394192104408,-27.1345862929104,-26.4741820164708,-28.6612468051044,-28.7175959278789,-28.8863544839691
5.8,-26.2771932238816,-27.3631350056901,-26.5470050330799,-27.8748953047023,-27.5000912781555,-26.3044620391362,-28.3549780237563,-26.5037287644114,-27.0061137865514,-26.3406600587241,-28.5338307082886,-28.5850369607607,-28.7550050861437
5.9,-26.1421106747269,-27.2343825407264,-26.4161053485178,-27.7431125579208,-27.3694425468119,-26.173571740977,-28.2242742256268,-26.3707299477335,-26.8799770891666,-26.2097559576239,-28.4085940583289,-28.4549615858911,-28.6260465692014
6,-26.009664208965,-27.1079422537488,-26.2876978620667,-27.6137805787616,-27.2411975285995,-26.0452096037965,-28.0959055064082,-26.2403702006753,-26.7561384541554,-26.0814179803584,-28.2855040828725,-28.3273230110825,-28.4994396438161
6.1,-25.8797546093003,-26.9837351253271,-26.1616878342193,-27.4868103831506,-27.115268936348,-25.9192835986936,-27.9697894760616,-26.1125493815876,-26.6345178272233,-25.9555482161723,-28.1644883680347,-28.2020304692846,-28.3751018547052
6.2,-25.7523122287939,-26.8617071981762,-26.0380089364049,-27.3621401306745,-26.9915960966767,-25.7957297639505,-27.8458698033298,-25.9871970892955,-26.5150602100335,-25.8320777647771,-28.0454977761379,-28.079020618609,-28.2529765029499
6.3,-25.6272704819779,-26.7418064899571,-25.9165981350606,-27.2397105487676,-26.8701208781999,-25.674486840745,-27.7240927867888,-25.8642461051655,-26.3977126892495,-25.7109409055527,-27.9284850227269,-27.958233051871,-28.1330091210495
6.4,-25.5045656731207,-26.6239829142396,-25.7973954909538,-27.119464804426,-26.7507875884571,-25.5554961321336,-27.6044072011191,-25.7436322117659,-26.282424350033,-25.5920749199478,-27.8134046055101,-27.839610141327,-28.0151473727472
6.5,-25.3841368359755,-26.5081882037644,-25.6803439717168,-27.0013483830775,-26.6335428610607,-25.4387013702054,-27.4867641524229,-25.6252940236502,-26.1691461927169,-25.4754199254551,-27.7002127349973,-27.7230968917991,-27.8993409570918
6.6,-25.2659255841551,-26.3943758361644,-25.565389276697,-26.8853089742166,-26.518335531176,-25.3240485909663,-27.3711169421225,-25.5091728293827,-26.057831052677,-25.3609187203065,-27.5888672669732,-27.6086408017764,-27.7855415166859
6.7,-25.1498759713452,-26.2825009622474,-25.452479673285,-26.7712963634233,-26.4051165049467,-25.2114860165285,-27.2574209389955,-25.3952124439869,-25.9484335233853,-25.248516638105,-27.4793276369077,-27.4961917320871,-27.6737025500398
6.8,-25.0359343606273,-26.1725203368984,-25.3415658439411,-26.6592623304025,-26.2938386325423,-25.1009639441907,-27.1456334589066,-25.2833590710616,-25.8409098826092,-25.1381614116688,-27.3715547963744,-27.3857017817496,-27.563779327926
6.9,-24.9240493022419,-26.0643922526249,-25.232600743195,-26.5491605526942,-26.1844565931232,-24.9924346420078,-27.0357136518153,-25.1735611738608,-25.7352180216955,-25.0298030454214,-27.2655111515186,-27.277125170622,-27.4557288136163
7,-24.8141714191733,-25.9580764757407,-25.1255394639418,-26.4409465147232,-26.0769267952581,-24.8858522504641,-26.9276223956519,-25.0657693546903,-25.6313173778673,-24.923393695712,-27.1611605035996,-27.1704181284851,-27.3495095868667
7.1,-24.7062532999882,-25.853534185159,-25.0203391124048,-26.334577421872,-25.9712072916768,-24.781172689884,-26.8213221966718,-24.9599362420211,-25.5291688694491,-24.8188875585038,-27.0584679916086,-27.0655387902089,-27.2450817715151
7.2,-24.6002493984025,-25.7507279137532,-24.9169586911817,-26.2300121192785,-25.8672577048162,-24.6783535732274,-26.7167770959156,-24.8560163847653,-25.4287348339273,-24.7162407639064,-26.9574000369567,-26.9624470966713,-27.1424069665429
7.3,-24.4961159390954,-25.6496214922249,-24.8153589898265,-26.1272110150779,-25.7650391594038,-24.577354123937,-26.6139525814175,-24.7539661532042,-25.3299789687502,-24.6154112770747,-26.8579242902093,-26.8611047011081,-27.0414481804602
7.4,-24.393810829324,-25.5501799954138,-24.7155024824626,-26.0261360078217,-25.664514219304,-24.4781350985261,-26.5128155058253,-24.6537436460932,-25.2328662747663,-24.5163588050312,-26.7600095798374,-26.7614748805981,-26.9421697688655
7.5,-24.2932935759288,-25.4523696909736,-24.6173532319535,-25.926750417825,-25.5656468270417,-24.3806587136061,-26.4133340091101,-24.5553086035102,-25.1373630021988,-24.4190447090041,-26.6636258629486,-26.6635224523935,-26.8445373750376
7.6,-24.1945252073526,-25.3561579903352,-24.5208768001927,-25.8290189222074,-25.4684022453249,-24.2848885770799,-26.3154774460598,-24.4586223250417,-25.0434365990542,-24.3234319219066,-26.5687441779553,-26.5672136948282,-26.7485178734184
7.7,-24.0974682003224,-25.2615134018739,-24.4260401641042,-25.7329074934062,-25.3727470004121,-24.1907896232366,-26.21921631827,-24.3636475929357,-24.9510556618646,-24.2294848706083,-26.47533659913,-26.4725162725478,-26.6540793158481
7.8,-24.0020864108736,-25.1684054861952,-24.3328116369721,-25.638383340956,-25.2786488274069,-24.0983280515035,-26.1245222103575,-24.2703485998752,-24.8601898886609,-24.1371694026802,-26.3833761929998,-26.3793991658192,-26.5611908804201
7.9,-23.9083450094177,-25.0768048134561,-24.2411607947457,-25.54541485634,-25.1860766176096,-24.0074712686267,-26.0313677301415,-24.1786908810573,-24.770810034082,-24.0464527173168,-26.2928369765241,-26.2878326036932,-26.4698228228264
8,-23.8162104195808,-24.9866829226345,-24.1510584069902,-25.4539715607321,-25.0950003680373,-23.9181878340648,-25.9397264525475,-24.0886412502793,-24.682887866523,-23.957303300161,-26.203693877002,-26.1977880008028,-26.3799464300686
8.1,-23.7256502605567,-24.8980122826639,-24.0624763721743,-25.3640240554588,-25.0053911331689,-23.830447408395,-25.8495728670073,-24.0001677397646,-24.5963961272291,-23.8696908617792,-26.1159226936526,-26.1092378975957,-26.2915339764159
8.2,-23.6366332927411,-24.8107662553504,-23.9753876570106,-25.2755439750227,-24.9172209789199,-23.7442207045457,-25.7608823281381,-23.9132395434715,-24.5113084912472,-23.783586279552,-26.0295000608117,-26.0221559038093,-26.204558681497
8.3,-23.5491293664296,-24.7249190599922,-23.8897662395794,-25.1885039425356,-24.8304629388126,-23.6594794416778,-25.6736310094989,-23.8278269636566,-24.4275995301478,-23.6989615427624,-25.9444034126877,-25.9365166450045,-26.1189946704151
8.4,-23.4631165094622,-24.6404523556119,-23.8055940070878,-25.1028843315363,-24.7450976431903,-23.5762033195477,-25.5878026926366,-23.7439085138395,-24.345251197597,-23.6157966952631,-25.8606172392061,-25.8523025491472,-26.0348236125025
8.5,-23.3785662175314,-24.5573416391746,-23.7228464676365,-25.0186592619671,-24.6610995871558,-23.494365573196,-25.5033747498061,-23.6614561799014,-24.2642394220705,-23.5340654369614,-25.7781201808301,-25.7694897981884,-25.9520209945183
8.6,-23.2954440853568,-24.4755567947608,-23.6414932825476,-24.9357971744042,-24.5784376963684,-23.4139335671562,-25.4203186411721,-23.5804360379522,-24.1845346440426,-23.4537356994752,-25.6968855030718,-25.6880488461351,-25.8705566662973
8.7,-23.2137238888909,-24.3950751689724,-23.5615119957413,-24.8542742666823,-24.4970884997388,-23.3348826546301,-25.3386134263803,-23.5008223717084,-24.1061147016234,-23.3747834524966,-25.616893534566,-25.6079579248033,-25.7904080335674
8.8,-23.1333802755286,-24.3158748108876,-23.4828809253324,-24.7740675327811,-24.4170293036715,-23.2571889976267,-25.2582387915338,-23.4225903463587,-24.0289581657787,-23.2971855430107,-25.5381252480448,-25.5291960533621,-25.711553233911
8.9,-23.0543887275269,-24.2379344453922,-23.4055791249005,-24.6951547301525,-24.338238159753,-23.1808295337428,-25.1791750178865,-23.3457159707124,-23.9530443121031,-23.2209196559026,-25.4605622333442,-25.4517430000614,-25.6339711070763
9,-22.9767255273455,-24.1612334477162,-23.3295863471106,-24.6175143486413,-24.2606938340188,-23.1057819446446,-25.1014029524952,-23.2701760613762,-23.8783530938471,-23.1459642766107,-25.3841866715918,-25.3755792460045,-25.5576411666835
9.1,-22.9003677247904,-24.0857518191187,-23.2548830095362,-24.541125580912,-24.1843757777116,-23.0320246261524,-25.0249039807099,-23.1959482088298,-23.8048651161381,-23.0722986557081,-25.3089813105245,-25.3006859508525,-25.4825435732498
9.2,-22.8252931058491,-24.0114701636627,-23.1814501625403,-24.4659682942987,-24.1092640994515,-22.9595366598314,-24.9496600003865,-23.1230107452835,-23.7325616113374,-22.9999027752964,-25.2349294408909,-25.2270449203525,-25.40865910847
9.3,-22.7514801631151,-23.9383696660281,-23.1092694590832,-24.3920230039984,-24.0353395387386,-22.8882977860018,-24.8756533977174,-23.0513427142075,-23.6614244154794,-22.9287573171089,-25.1620148738888,-25.1546385755898,-25.3359691506827
9.4,-22.6789080677059,-23.8664320703105,-23.0383231263333,-24.3192708475359,-23.9625834407157,-22.8182883780851,-24.8028670245782,-22.9809238414296,-23.5914359457377,-22.8588436322229,-25.0902219195976,-25.0834499238689,-25.2644556514653
9.5,-22.6075566425848,-23.795639659758,-22.9685939389675,-24.2476935604316,-23.8909777321226,-22.7494894182078,-24.7312841772976,-22.9117345077072,-23.5225791788727,-22.7901437122901,-25.0195353663591,-25.0134625311325,-25.1941011132982
9.6,-22.5374063372037,-23.7259752373998,-22.9000651940502,-24.1772734530063,-23.8205048983772,-22.6818824739919,-24.6608885767617,-22.8437557226831,-23.454837630609,-22.7226401621993,-24.949940461067,-24.9446604958348,-25.1248885682434
9.7,-22.4684382033887,-23.6574221075234,-22.8327206873943,-24.1079933882634,-23.7511479617223,-22.6154496764634,-24.5916643497725,-22.7769691001439,-23.3881953359008,-22.6563161740895,-24.8814228903251,-24.8770284241886,-25.0568015575864
9.8,-22.4006338723962,-23.5899640579579,-22.766544691308,-24.0398367607897,-23.6828904603818,-22.5501736990153,-24.5235960115806,-22.7113568345017,-23.3226368300404,-22.5911555026386,-24.8139687624342,-24.810551406711,-24.9898241123915
9.9,-22.3339755330723,-23.5235853431249,-22.7015219336407,-23.9727874766237,-23.6157164286717,-22.4860377373647,-24.4566684495224,-22.6469016784292,-23.2581471305708,-22.5271424415573,-24.7475645901733,-24.7452149959961,-24.9239407349258
10,-22.2684459110511,-23.4582706678205,-22.6376375780462,-23.906829934037,-23.549610378015,-22.4230254904504,-24.3908669076921,-22.5835869215788,-23.1947117199615,-22.4642618012215,-24.6821972743371,-24.6810051856475,-24.8591363809058
10.1,-22.2040282489335,-23.3940051716915,-22.5748772053867,-23.8419490051844,-23.484557278815,-22.3611211422164,-24.3261769725868,-22.5213963703238,-23.1323165290134,-22.4024988873804,-24.6178540879966,-24.6179083903076,-24.7953964425269
10.2,-22.1407062873913,-23.3307744143738,-22.5132267962063,-23.7781300185757,-23.4205425431389,-22.3003093442325,-24.2625845596638,-22.4603143284626,-23.0709479209549,-22.3418394808828,-24.5545226614509,-24.5559114267234,-24.7327067322358
10.3,-22.0784642471435,-23.2685643612602,-22.4526727142074,-23.7153587423276,-23.3575520081731,-22.2405751991078,-24.2000759007543,-22.4003255788313,-23.0105926761989,-22.2822698183659,-24.4921909678378,-24.4950014957925,-24.6710534672092
10.4,-22.0172868117581,-23.2073613698676,-22.3932016906669,-23.6536213681553,-23.295571920407,-22.1819042446514,-24.1386375322822,-22.341415365772,-22.9512379777264,-22.2237765738555,-24.4308473093732,-24.4351661655352,-24.6104232545021
10.5,-21.9571591112326,-23.1471521767731,-22.3348008097359,-23.5929044960666,-23.234588920511,-22.1242824387411,-24.0782562842388,-22.2835693784104,-22.8928713970689,-22.1663468412291,-24.3704803041908,-24.3763933549445,-24.5508030768344
10.6,-21.8980667063105,-23.0879238850897,-22.2774574945652,-23.5331951197225,-23.1745900288709,-22.0676961448617,-24.0189192698647,-22.2267737346958,-22.8354808808588,-22.1099681174961,-24.3110788737551,-24.3186713186636,-24.4921802789828
10.7,-21.8399955734949,-23.0296639524503,-22.2211594942095,-23.4744806124304,-23.1155626317469,-22.0121321182769,-23.9606138760004,-22.1710149661628,-22.7790547379232,-22.0546282868518,-24.2526322308205,-24.261988632449,-24.4345425547492
10.8,-21.782932090721,-22.9723601794664,-22.165894871259,-23.4167487137392,-23.0574944680253,-21.9575774928011,-23.9033277540596,-22.1162800033735,-22.7235816268928,-22.0003156054663,-24.1951298679123,-24.2063341793748,-24.377877934476
10.9,-21.7268726477311,-22.9160098440781,-22.111661896902,-23.3599969207764,-23.0003827911384,-21.9040294235207,-23.8470585707435,-22.0625659551808,-22.6690596760057,-21.9470285379963,-24.1385706065063,-24.1517070088313,-24.3221840889286
11,-21.6717945203005,-22.8605920383186,-22.0584391068098,-23.3042040472806,-22.9442066161559,-21.8514658814436,-23.7917844994991,-22.0098504859395,-22.6154688772384,-21.8947459845648,-24.0829352186588,-24.098086510245,-24.2674401581097
11.1,-21.6176852206787,-22.8060955350711,-22.006215444275,-23.2493588656727,-22.8889546744795,-21.7998750715775,-23.7374939436257,-21.9581216520428,-22.5627988777264,-21.8434572417765,-24.0282139787044,-24.0454624200361,-24.2136351204181
11.2,-21.5645326107255,-22.7525094073972,-21.9549801227516,-23.1954504660303,-22.8346160021045,-21.7492455295654,-23.6841755401768,-21.9073678563518,-22.5110396291605,-21.793151923528,-23.9743973990789,-23.9938247330238,-24.1607582454433
11.3,-21.5123248904116,-22.6998230184276,-21.9047226165426,-23.1424682452907,-22.7811799289413,-21.699566111039,-23.6318181535501,-21.8575778365537,-22.4601813776504,-21.7438199489627,-23.9214762210869,-23.9431636918104,-24.1087990838626
11.4,-21.4610505867946,-22.648026011138,-21.8554326519864,-23.0904018968968,-22.7286360685735,-21.6508259814044,-23.5804108695034,-21.8087406540066,-22.4102146539733,-21.695451530961,-23.8694414060606,-23.8934697767,-24.0577474577452
11.5,-21.4106985434479,-22.5971082977708,-21.8071001991138,-23.0392414008647,-22.6769743084318,-21.6030146060415,-23.5299429895692,-21.7608456830484,-22.3611302641903,-21.648037165138,-23.8182841268942,-23.8447336961213,-24.0075934512416
11.6,-21.3612579103165,-22.5470600486673,-21.7597154637465,-22.9889770142533,-22.6261848003628,-21.5561217408939,-23.4804040258438,-21.7138826007434,-22.3129192806125,-21.6015676193258,-23.7679957599344,-23.7969463775288,-23.9583274016411
11.7,-21.3127181339805,-22.49787168041,-21.7132688800114,-22.9395992620152,-22.5762579515753,-21.5101374234326,-23.4317836961264,-21.6678413770462,-22.2655730331003,-21.5560339235149,-23.7185678772127,-23.7500989587587,-23.90993989078
11.8,-21.2650689483056,-22.4495338436347,-21.667751103246,-22.8910989282122,-22.5271844159451,-21.4650519639718,-23.3840719193861,-21.6227122653602,-22.2190831006814,-21.5114273602338,-23.6699922390024,-23.7041827798136,-23.8624217367834
11.9,-21.2183003654604,-22.4020374118087,-21.623153003272,-22.8434670475773,-22.478955085662,-21.4208559373216,-23.3372588115356,-21.578485793471,-22.1734413034722,-21.467739455345,-23.6222607866871,-23.659189375057,-23.815763986125
12,-21.1724026672839,-22.3553734736613,-21.5794656580154,-22.7966948974079,-22.4315610832031,-21.3775401747607,-23.2913346814914,-21.5351527548362,-22.1286396948884,-21.4249619692375,-23.5753656359253,-23.6151104657933,-23.7699579059913
12.1,-21.1273663969851,-22.309533332965,-21.5366803474532,-22.7507739897732,-22.3849937536166,-21.3350957563124,-23.2462900275013,-21.492704200214,-22.0846705541318,-21.3830868883976,-23.5292990700991,-23.5719379532164,-23.7249949769338
12.2,-21.0831823511589,-22.2645085181507,-21.4947885478674,-22.7056960640224,-22.3392446571029,-21.2935140033112,-23.202115533722,-21.4511314296124,-22.0415263789404,-21.3421064173401,-23.4840535340333,-23.5296639117063,-23.6808668857976
12.3,-21.0398415721031,-22.2202907990806,-21.4537819263884,-22.6614530795792,-22.294305561878,-21.2527864712433,-23.158802067027,-21.410425984545,-21.9991998785908,-21.3020129708826,-23.4396216279737,-23.4882805824572,-23.6375655189134
12.4,-20.997335340423,-22.1768722010603,-21.4136523358118,-22.6180372090102,-22.2501684373082,-21.2129049428518,-23.1163406740328,-21.3705796405776,-21.9576839671388,-21.2627991667477,-23.3959961018126,-23.44778036742,-23.5950829555397
12.5,-20.955655167908,-22.1342450037535,-21.3743918096714,-22.5754408313531,-22.2068254473019,-21.1738614214892,-23.0747225783232,-21.331584400151,-21.9169717568914,-21.2244578184779,-23.3531698495507,-23.4081558235434,-23.5534114615449
12.6,-20.9147927906697,-22.0924017204429,-21.335992557556,-22.5336565256945,-22.164268943948,-21.1356481247102,-23.0339391778596,-21.2934324856674,-21.8770565520958,-21.1869819286495,-23.311135903986,-23.3693996572988,-23.512543483318
12.7,-20.8747401625274,-22.0513350658358,-21.2984469606536,-22.4926770649853,-22.1224914613905,-21.0982574780902,-22.9939820425629,-21.2561163328277,-21.8379318428384,-21.1503646823712,-23.2698874316185,-23.3315047194753,-23.4724716418975
12.8,-20.8354894486309,-22.0110379264298,-21.2617475675117,-22.4524954100824,-22.0814857099275,-21.0616821092609,-22.954842912052,-21.2196285842071,-21.7995912991431,-21.1145994410552,-23.2294177277624,-23.2944640002309,-23.4331887273081
12.9,-20.7970330193093,-21.9715033424076,-21.2258870900006,-22.4131047040082,-22.0412445703258,-21.0259148421518,-22.9165136935275,-21.1839620830588,-21.7620287652606,-21.0796797364498,-23.1897202118563,-23.2582706243876,-23.3946876930964
13,-20.7593634441348,-21.9327245012296,-21.1908583994689,-22.3744982664163,-22.0017610883412,-20.9909486914285,-22.8789864597874,-21.1491098673339,-21.72523825414,-21.0455992649201,-23.1507884229638,-23.222917846958,-23.3569616510576
13.1,-20.7224734861932,-21.8946947381157,-21.1566545230792,-22.3366695882558,-21.9630284694362,-20.9567768571201,-22.842253447363,-21.1150651639083,-21.6892139420749,-21.0123518819681,-23.112616015456,-23.188399048893,-23.3200038661414
13.2,-20.6863560965498,-21.8574075385312,-21.1232686403155,-22.2996123266247,-21.9250400736858,-20.9233927194239,-22.8063070547631,-21.0818213830068,-21.6539501635166,-20.9799315969808,-23.0751967548678,-23.1547077330391,-23.2838077515334
13.3,-20.6510081295048,-21.8208601182077,-21.0906980246868,-22.2633240213729,-21.887792996055,-20.8907936325419,-22.7711436245739,-21.0493759768396,-21.619445080791,-20.9483365659897,-23.0385281462231,-23.1218415145668,-23.2483705350486
13.4,-20.6164228022336,-21.7850461790296,-21.0589360584054,-22.2277985624514,-21.8512808017776,-20.8589732339889,-22.7367557715978,-21.0177226187696,-21.5856932544319,-20.9175610110881,-23.0026040801673,-23.0897940400124,-23.2136858232447
13.5,-20.582589850403,-21.7499560566095,-21.0279723860974,-22.1930263299626,-21.8154936741548,-20.8279215905448,-22.7031325563296,-20.9868513480725,-21.5526857672346,-20.8875953526146,-22.9674149739879,-23.0585551342788,-23.1797437483739
13.6,-20.5495029298946,-21.7155838422043,-20.9978007685545,-22.159001601669,-21.7804255479829,-20.7976327588655,-22.6702670137997,-20.9567562606961,-21.5204175412905,-20.8584341708997,-22.9329550022952,-23.0281187541582,-23.1465382741221
13.7,-20.5171558593946,-21.6819237711185,-20.968415103567,-22.1257187981596,-21.7460704896111,-20.768100952066,-22.6381523334509,-20.9274316105416,-21.4888836330157,-20.8300721768534,-22.8992184323997,-22.9984789608199,-23.1140634900066
13.8,-20.4855426158781,-21.6489702189696,-20.9398094232746,-22.0931724786859,-21.7124226928307,-20.7393205354512,-22.6067818578197,-20.8988718049009,-21.4580792288316,-20.8025042079053,-22.8661996210798,-22.9696299168345,-23.082313607352
13.9,-20.4546573302369,-21.6167176978376,-20.9119778916318,-22.0613573371367,-21.6794764749042,-20.7112860223764,-22.5761490812568,-20.8710714000357,-21.4279996409677,-20.7757252241139,-22.8338930114798,-22.9415658833453,-23.0512829553928
14,-20.4244942830453,-21.5851608524219,-20.8849148019789,-22.0302681981465,-21.6472262727283,-20.6839920702323,-22.5462476486792,-20.8440250968933,-21.3986403033835,-20.7497303044392,-22.8022931301316,-22.9142812173802,-23.0209659774963
14.1,-20.3950479004573,-21.5542944562709,-20.8586145747149,-21.9999000133324,-21.615666639127,-20.6574334765488,-22.5170713543435,-20.8177277369512,-21.3699967678024,-20.7245146431723,-22.7713945840971,-22.8877703692963,-22.9913572275
14.2,-20.3663127502313,-21.5241134081157,-20.8330717550639,-21.9702478576528,-21.5847922392673,-20.631605175213,-22.4886141406352,-20.7921742981861,-21.3420646998555,-20.7000735465155,-22.7411920582253,-22.8620278803514,-22.9624513661602
14.3,-20.3382835378756,-21.4946127283187,-20.808281010932,-21.9413069258844,-21.5545978471955,-20.6065022327948,-22.4608700968646,-20.767359891162,-21.3148398753295,-20.6764024293069,-22.711680312519,-22.8370483803945,-22.9342431577057
14.4,-20.3109551029098,-21.4657875554414,-20.7842371308478,-21.9130725292124,-21.5250783424865,-20.5821198449782,-22.4338334580615,-20.7432797552309,-21.2883181765143,-20.6534968118848,-22.6828541796091,-22.8128265856713,-22.906727466492
14.5,-20.2843224152394,-21.4376331429256,-20.760935021982,-21.8855400919287,-21.4962287070042,-20.5584533330908,-22.4074986037644,-20.7199292548426,-21.2624955886483,-20.6313523170851,-22.6547085623289,-22.7893572967366,-22.8798992537524
14.6,-20.2583805716365,-21.4101448558846,-20.7383697082422,-21.8587051482355,-21.4680440217682,-20.53549814073,-22.3818600567943,-20.6973038759579,-21.2373681964552,-20.609964667368,-22.627238431387,-22.7666353964693,-22.8537535744401
14.7,-20.2331247923248,-21.3833181679963,-20.7165363284362,-21.8325633391476,-21.4405194639212,-20.5132498304788,-22.3569124820092,-20.6753992225613,-21.212932180771,-20.5893296820687,-22.6004388231342,-22.7446558481842,-22.8282855741601
14.8,-20.2085504176622,-21.3571486584939,-20.6954301345025,-21.8071104094928,-21.4136503037957,-20.4917040807109,-22.3326506850314,-20.6542110132687,-21.1891838152561,-20.5694432747662,-22.574304837419,-22.7234136938343,-22.8034904861838
14.9,-20.184652904921,-21.3316320092472,-20.6750464898011,-21.7823422050038,-21.3874319020744,-20.4708566824776,-22.3090696109434,-20.6337350780259,-21.1661194631906,-20.5503014507675,-22.5488316355312,-22.7029040523006,-22.7793636285446
15,-20.1614278251573,-21.3067640019286,-20.6553808674624,-21.7582546694998,-21.3618597070427,-20.450703536476,-22.2861643429461,-20.6139673548938,-21.1437355743489,-20.531900304702,-22.5240144382265,-22.6831221177621,-22.7559004012105
15.1,-20.1388708601714,-21.2825405152615,-20.6364288487903,-21.7348438421541,-21.3369292519275,-20.4312406500933,-22.2639301009753,-20.5949038869167,-21.122028681951,-20.5142360182209,-22.4998485238312,-22.6640631581421,-22.7330962833299
15.2,-20.1169777995508,-21.2589575223433,-20.6181861217142,-21.7121058548442,-21.3126361523217,-20.4124641345241,-22.2423622402705,-20.5765408190711,-21.1009953996873,-20.4973048577993,-22.4763292264231,-22.6457225136275,-22.7109468305474
15.3,-20.095744537797,-21.2360110880423,-20.6006484792889,-21.6900369295814,-21.2889761036897,-20.3943702019587,-22.2214562498939,-20.558874395289,-21.0806324188155,-20.4811031726358,-22.4534519340839,-22.6280955952537,-22.6894476723866
15.4,-20.0751670715304,-21.2136973664628,-20.5838118182372,-21.6686333760175,-21.2659448789514,-20.3769551628376,-22.201207751194,-20.5419009555551,-21.0609365053248,-20.4656273926465,-22.4312120872223,-22.6111778835536,-22.6685945096967
15.5,-20.0552414967718,-21.1920125984756,-20.567672137533,-21.6478915890253,-21.243538326142,-20.360215423171,-22.1816124962127,-20.5256169330731,-21.0419044971673,-20.4508740265487,-22.4096051769623,-22.5949649272638,-22.6483831121596
15.6,-20.0359640062969,-21.1709531093121,-20.5522255370205,-21.6278080463509,-21.2217523661454,-20.3441474819193,-22.1626663660312,-20.5100188514979,-21.0235333015526,-20.4368396600315,-22.3886267435958,-22.5794523420866,-22.6288093158553
15.7,-20.017330887063,-21.1505153062171,-20.5374682160683,-21.6083793063335,-21.2005829904969,-20.3287479284321,-22.1443653690549,-20.4951033222327,-21.0058198923035,-20.4235209540105,-22.3682723750948,-22.5646358095009,-22.6098690208826
15.8,-19.9993447652134,-21.1307017032744,-20.5234031585291,-21.5896083603907,-21.1800322279216,-20.3140199287028,-22.1267118897519,-20.4808736697612,-20.988767698915,-20.4109215961719,-22.3485437391808,-22.5505178172339,-22.5915643215687
15.9,-19.9819957948317,-21.111502773192,-20.510020005105,-21.5714855049731,-21.1600901630065,-20.2999536959622,-22.1096958655978,-20.4673199847108,-20.9723673744371,-20.3990313796724,-22.3294303991849,-22.537087353922,-22.5738850311507
16,-19.9652805330436,-21.092915157811,-20.497315248627,-21.5540075292198,-21.1407529885013,-20.2865460781977,-22.093313679427,-20.4544391282905,-20.9566160788538,-20.3878471833633,-22.3109280789523,-22.5243402934262,-22.5568272295728
16.1,-19.9491956214404,-21.0749355720734,-20.4852854763007,-21.5371712943144,-21.122016959608,-20.2737940039949,-22.0775618338166,-20.4422280391296,-20.9415110286698,-20.3773659550509,-22.2930325445595,-22.5122725710174,-22.5403870516978
16.2,-19.9337377838294,-21.0575608019422,-20.4739273684875,-21.5209737315179,-21.1038783921041,-20.2616944802352,-22.0624369490458,-20.4306837308515,-20.9270494945436,-20.3675847101187,-22.2757396030878,-22.5008801823823,-22.5245606851657
16.3,-19.9189038240419,-21.0407877023684,-20.4632376975026,-21.5054118402572,-21.0863336605218,-20.250244589838,-22.0479357609919,-20.4198032896947,-20.9132287989693,-20.3585005302136,-22.2590451014407,-22.4901591826572,-22.509344368292
16.4,-19.9046906237982,-21.0246131953026,-20.4532133264274,-21.4904826862675,-21.0693791963828,-20.2394414895452,-22.0340551189666,-20.4095838721789,-20.9000463140058,-20.3501105619924,-22.2429449252027,-22.480105685485,-22.4947343880045
16.5,-19.8910951406267,-21.0090342677499,-20.4438512079345,-21.4761833997856,-21.0530114864855,-20.2292824077449,-22.0207919834903,-20.4000227028137,-20.8874994590511,-20.3424120159253,-22.2274349975351,-22.4707158620933,-22.4807270778141
16.6,-19.8781144058371,-20.9940479698665,-20.4351483831212,-21.4625111737944,-21.0372270712434,-20.2197646423349,-22.0081434240126,-20.3911170718471,-20.8755856986585,-20.3354021651538,-22.2125112781097,-22.4619859403899,-22.4673188158199
16.7,-19.8657455225441,-20.9796514130964,-20.4271019803507,-21.4494632623149,-21.0220225430721,-20.2108855586204,-21.996106616575,-20.3828643330521,-20.864302540396,-20.3290783444002,-22.1981697620737,-22.453912204071,-22.4545060227448
16.8,-19.8539856637427,-20.9658417683466,-20.4197092140965,-21.4370369787454,-21.0073945448244,-20.2026425872475,-21.9846788414232,-20.3752619015489,-20.8536475327438,-20.3234379489252,-22.1844064790472,-22.4464909917414,-22.4422851600002
16.9,-19.8428320704308,-20.9526162641991,-20.4129673837904,-21.4252296942451,-20.9933397682705,-20.1950332221682,-21.9738574805673,-20.3683072516606,-20.8436182630298,-20.3184784335314,-22.171217492148,-22.439718696041,-22.430652727777
17,-19.8322820497807,-20.9399721851594,-20.4068738726679,-21.414038836162,-20.9798549526221,-20.1880550186358,-21.9636400152935,-20.3619979148002,-20.8342123554007,-20.3141973116089,-22.1585988970426,-22.433591762776,-22.4196052631628
17.1,-19.8223329733563,-20.927906869939,-20.401426146612,-21.4034618865015,-20.9669368830993,-20.1817055912296,-21.9540240236283,-20.3563314773863,-20.8254274688277,-20.3105921542208,-22.1465468210214,-22.4281066900513,-22.4091393382803
17.2,-19.8129822753751,-20.9164177097706,-20.3966217529908,-21.3934963804368,-20.9545823895379,-20.1759826119059,-21.9450071777542,-20.3513055787864,-20.8172612951434,-20.3076605892259,-22.1350574220944,-22.4232600274004,-22.3992515584472
17.3,-19.804227451015,-20.9055021467561,-20.3924583194869,-21.3841399048569,-20.9427883450355,-20.1708838080746,-21.9365872413765,-20.3469179092845,-20.8097115571094,-20.3054003004347,-22.1241268881061,-22.4190483749109,-22.3899385603559
17.4,-19.796066054763,-20.8951576722443,-20.3889335529161,-21.3753900969526,-20.9315516646361,-20.1664069606989,-21.9287620670405,-20.3431662080719,-20.8027760065119,-20.3038090267971,-22.1137514358666,-22.4154683823412,-22.3811970102683
17.5,-19.7884956988071,-20.8853818252387,-20.3860452380328,-21.3672446428388,-20.9208693040501,-20.1625499024163,-21.9215295933932,-20.3400482612574,-20.7964524222841,-20.3028845616182,-22.1039273102982,-22.4125167482272,-22.3730236022277
17.6,-19.7815140514676,-20.8761721908335,-20.38379123632,-21.3597012762103,-20.9107382584091,-20.1593105156808,-21.9148878423863,-20.3375618998975,-20.7907386086527,-20.302624751799,-22.0946507835922,-22.4101902189739,-22.3654150562822
17.7,-19.7751188356696,-20.8675263986764,-20.3821694847601,-21.3527577770318,-20.9011555610543,-20.1566867309218,-21.9088349164141,-20.3357049980418,-20.7856323933071,-20.3030274971006,-22.0859181543772,-22.4084855879314,-22.3583681167207
17.8,-19.7693078274537,-20.859442121458,-20.381177994585,-21.3464119702592,-20.8921182823564,-20.1546765247205,-21.9033689953764,-20.3344754707927,-20.7811316255886,-20.3040907494267,-22.0777257468939,-22.4073996944499,-22.3518795503175
17.9,-19.7640788545255,-20.8519170734259,-20.3808148500021,-21.3406617245909,-20.8836235285659,-20.1532779180011,-21.8984883336589,-20.3338712723774,-20.7772341746988,-20.3058125121245,-22.0700699101758,-22.4069294229129,-22.345946144585
18,-19.7594297948421,-20.8449490089225,-20.3810782068937,-21.3355049512482,-20.8756684406929,-20.1524889742345,-21.8941912570191,-20.3338903942288,-20.7739379279236,-20.3081908392975,-22.0629470172329,-22.4070717017451,-22.3405647060324
18.1,-19.7553585752348,-20.8385357209459,-20.3819662914867,-21.3309396027837,-20.8682501934139,-20.1523077976545,-21.8904761593651,-20.3345308630751,-20.7712407888718,-20.3112238351309,-22.0563534642369,-22.4078235023908,-22.3357320584272
18.2,-19.7518659829713,-20.8326777381187,-20.3834804449784,-21.3269665515569,-20.8613685983433,-20.1527354927012,-21.8873443374272,-20.335793765979,-20.7691435921776,-20.3149128445064,-22.0502882294953,-22.4091847970228,-22.331447700289
18.3,-19.7489500107406,-20.8273728962381,-20.3856190074996,-21.3235838014661,-20.855020854932,-20.1537702140841,-21.8847942907523,-20.3376771674456,-20.7676442391765,-20.3192560445383,-22.0447477020046,-22.4111525980217,-22.3277084394839
18.4,-19.7466059029164,-20.8226163881494,-20.3883773559752,-21.3207865341035,-20.8492016157893,-20.1554072087051,-21.88282175355,-20.3401761533377,-20.7667377458617,-20.324248487093,-22.0397257661737,-22.4137210276212,-22.3245084670874
18.5,-19.7448317699599,-20.8184061483977,-20.3917539857983,-21.318572856933,-20.8439081806452,-20.1576447270691,-21.8814253589599,-20.3432888732455,-20.766422063934,-20.3298884713639,-22.0352189031553,-22.4168872195273,-22.321844658779
18.6,-19.7436257647988,-20.8147401432463,-20.3957474554519,-21.3169409131131,-20.8391378777677,-20.1604810515672,-21.8806037899862,-20.3470135024601,-20.7666951526809,-20.3361743432835,-22.0312236131017,-22.4206483447921,-22.3197138987406
18.7,-19.7429860816554,-20.8116163693532,-20.4003563849362,-21.3158888804403,-20.8348880630109,-20.1639144947239,-21.8803557753813,-20.3513482400586,-20.7675549772512,-20.3431044948504,-22.0277364143122,-22.4250016105624,-22.3181130779049
18.8,-19.7429109549051,-20.8090328524645,-20.4055794541443,-21.3154149703106,-20.831156118881,-20.1679433974432,-21.8806800853526,-20.3562913069792,-20.7689995069293,-20.3506773634455,-22.0247538423685,-22.4299442587795,-22.3170390921949
18.9,-19.7433986579651,-20.8069876461219,-20.4114154011839,-21.3155174266962,-20.8279394536203,-20.1725661272521,-21.8815755270906,-20.3618409440853,-20.7710267134035,-20.3588914311345,-22.0222724492541,-22.4354735648277,-22.3164888407525
19,-19.744447502214,-20.8054788303832,-20.4178630206403,-21.3161945251359,-20.8252355003079,-20.1777810765389,-21.8830409401251,-20.3679954102138,-20.7736345690272,-20.3677452239532,-22.020288802458,-22.4415868361294,-22.3164592241559
19.1,-19.7460558359393,-20.8045045105566,-20.4249211617773,-21.3174445717394,-20.8230417159749,-20.1835866607838,-21.8850751915144,-20.3747529802071,-20.776821045069,-20.3772373111726,-22.0187994840584,-22.4482814106835,-22.3169471426219
19.2,-19.7482220433135,-20.8040628159456,-20.4325887266726,-21.3192659022009,-20.8213555807345,-20.1899813167824,-21.8876771708811,-20.3821119429245,-20.7805841099508,-20.3873663045405,-22.017801089787,-22.4555546555435,-22.3179494941938
19.3,-19.7509445433982,-20.804151898605,-20.440864668284,-21.3216568808234,-20.8201745969247,-20.1969635008558,-21.8908457853124,-20.3900705992304,-20.7849217274697,-20.3981308574961,-22.0172902280704,-22.4634039652336,-22.3194631729102
19.4,-19.7542217891736,-20.8047699321063,-20.449747988442,-21.3246158995496,-20.8194962882628,-20.2045316870501,-21.8945799541442,-20.3986272599574,-20.7898318550004,-20.4095296643534,-22.0172635190478,-22.4718267600988,-22.3214850669557
19.5,-19.7580522665959,-20.8059151103108,-20.4592377357652,-21.3281413769988,-20.8193181990107,-20.2126843653186,-21.8988786036556,-20.407780243839,-20.7953124416767,-20.4215614594514,-22.0177175935624,-22.4808204845867,-22.3240120567906
19.6,-19.7624344936769,-20.8075856461515,-20.4693330034946,-21.3322317575082,-20.81963789315,-20.2214200396873,-21.9037406617004,-20.4175278754115,-20.8013614265478,-20.4342250162655,-22.0186490921262,-22.490382605457,-22.3270410132571
19.7,-19.7673670195905,-20.8097797704201,-20.4800329272416,-21.3368855101755,-20.8204529535649,-20.230737226401,-21.9091650523068,-20.4278684828798,-20.8079767367067,-20.4475191464782,-22.020054663855,-22.500510609917,-22.3305687956616
19.8,-19.7728484238004,-20.812495730559,-20.4913366826465,-21.3421011279025,-20.8217609812334,-20.2406344520461,-21.9151506902763,-20.4388003959442,-20.8151562853874,-20.4614426990043,-22.0219309653736,-22.5112020036784,-22.3345922498307
19.9,-19.7788773152106,-20.8157317894589,-20.5032434829427,-21.347877126436,-20.8235595944244,-20.2511102516502,-21.9216964758149,-20.4503219435861,-20.8228979700282,-20.4759945589658,-22.0242746596874,-22.5224543089338,-22.3391082061389
20,-19.7854523313372,-20.8194862242571,-20.5157525764217,-21.3542120434057,-20.8258464278997,-20.2621631667533,-21.9288012892283,-20.462431451807,-20.8311996702967,-20.4911736466151,-22.0270824150214,-22.5342650622473,-22.3441134775069
20.1,-19.7925721374999,-20.8237573251393,-20.5288632437946,-21.3611044373551,-20.8286191321212,-20.2737917434502,-21.9364639857109,-20.4751272413184,-20.8400592460745,-20.5069789161994,-22.0303509036237,-22.5466318123586,-22.349604857369
20.2,-19.8002354260325,-20.8285433941411,-20.5425747954449,-21.3685528867657,-20.8318753724602,-20.2859945304003,-21.9446833902579,-20.4884076251793,-20.8494745353971,-20.5234093547641,-22.0340768005314,-22.5595521178956,-22.3555791176064
20.3,-19.8084409155105,-20.8338427439488,-20.5568865685689,-21.3765559890687,-20.8356128284093,-20.2987700768023,-21.9534582927262,-20.5022709063758,-20.8594433523459,-20.5404639808893,-22.0382567822992,-22.5730235449911,-22.3620330064464
20.4,-19.817187349996,-20.8396536966986,-20.5717979241965,-21.3851123596456,-20.8398291927955,-20.3121169303316,-21.9627874430662,-20.5167153753408,-20.8699634848886,-20.5581418433564,-22.0428875256878,-22.5870436648027,-22.3689632463255
20.5,-19.8264734982963,-20.8459745827727,-20.5873082440903,-21.3942206308126,-20.8445221709932,-20.3260336350355,-21.9726695467414,-20.5317393074078,-20.8810326926648,-20.5764420197388,-22.0479657063115,-22.6016100509295,-22.376366531714
20.6,-19.8362981532365,-20.8528037395902,-20.6034169275144,-21.4038794507876,-20.8496894801362,-20.3405187291866,-21.9831032603537,-20.5473409601958,-20.892648704713,-20.5953636149128,-22.0534879972436,-22.6167202767239,-22.3842395269007
20.7,-19.8466653875244,-20.8601444611532,-20.6201292428317,-21.414092854211,-20.8553334543909,-20.3555762867635,-21.9940925676573,-20.5635242002432,-20.9048145326842,-20.6149118350776,-22.0594553565535,-22.6323771967897,-22.392583402697
20.8,-19.8575687613864,-20.8679901128387,-20.6374387481774,-21.4248541211411,-20.8614471826576,-20.3711992554862,-22.00563060599,-20.5802815774398,-20.9175224760917,-20.6350797434733,-22.0658600946036,-22.6485730441735,-22.4013901511187
20.9,-19.8690071360448,-20.8763390459233,-20.6553448746643,-21.4361619414101,-20.8680284128381,-20.3873861425133,-22.01771585946,-20.5976112789957,-20.9307701567458,-20.6558665176482,-22.0726988677897,-22.6653053738959,-22.4106563310862
21,-19.8809793939033,-20.8851896137686,-20.6738470564445,-21.4480150163424,-20.8750749013816,-20.4041354400482,-22.0303467478666,-20.615511463053,-20.944555156002,-20.6772713555168,-22.0799683238777,-22.6825717287178,-22.4203784619615
21.1,-19.8934844378605,-20.8945401705704,-20.6929447267462,-21.4604120575897,-20.8825844124754,-20.421445622922,-22.0435216234254,-20.633980255653,-20.9588750121342,-20.699293473386,-22.0876651003755,-22.7003696358564,-22.4305530211093
21.2,-19.9065211906234,-20.904389070094,-20.712637313748,-21.4733517859288,-20.8905547172299,-20.439315146112,-22.0572387677008,-20.6530157476044,-20.9737272176238,-20.7219321038658,-22.0957858228559,-22.7186966035714,-22.4411764414107
21.3,-19.9200885940222,-20.9147346643958,-20.7329242362848,-21.4868329300209,-20.8989835928541,-20.4577424421929,-22.0714963887362,-20.6726159912504,-20.9891092163652,-20.7451864936618,-22.1043271032286,-22.7375501176147,-22.4522451087253
21.4,-19.9341856083202,-20.9255753025281,-20.7538048993788,-21.5008542251278,-20.9078688218218,-20.4767259187166,-22.0862926183686,-20.6927789971259,-21.0050184007789,-20.7690559012405,-22.1132855379591,-22.756927637541,-22.4637553593031
21.5,-19.9488112115186,-20.936909329228,-20.7752786895899,-21.5154144117825,-20.9172081910279,-20.4962639555161,-22.101625509714,-20.7135027305032,-21.0214521088319,-20.7935395943617,-22.1226577062374,-22.7768265928739,-22.4757034771431
21.6,-19.9639643986522,-20.9487350835864,-20.7973449701784,-21.530512234408,-20.926999490933,-20.5163549019312,-22.1174930348092,-20.734785107817,-21.0384076209595,-20.8186368474712,-22.1324401680901,-22.7972443791215,-22.4880856912987
21.7,-19.9796441810729,-20.9610508976964,-20.8200030760755,-21.5461464398825,-20.9372405146944,-20.5369970739491,-22.133893082393,-20.7566239929656,-21.0558821568845,-20.8443469389445,-22.1426294624398,-22.8181783536386,-22.500898173128
21.8,-19.9958495857177,-20.9738550952804,-20.8432523086526,-21.562315776045,-20.947929057284,-20.5581887512582,-22.1508234558103,-20.7790171934809,-21.0738728723307,-20.8706691481774,-22.1532221051082,-22.8396258313284,-22.5141370334876
21.9,-20.0125796543577,-20.9871459902924,-20.8670919302852,-21.5790189901371,-20.9590629145904,-20.5799281742099,-22.1682818710225,-20.801962456562,-21.0923768556246,-20.8976027525116,-22.1642145867632,-22.8615840801798,-22.527798319871
22,-20.0298334428245,-21.0009218854955,-20.8915211587034,-21.5962548271762,-20.9706398825046,-20.6022135406826,-22.1862659547074,-20.8254574649663,-21.1113911241841,-20.9251470239895,-22.1756033708083,-22.884050316634,-22.5418780134876
22.1,-20.0476100202097,-21.0151810710119,-20.9165391611231,-21.6140220282554,-20.9826577559875,-20.6250430028457,-22.2047732424302,-20.8494998327511,-21.1309126208871,-20.9533012259292,-22.1873848912156,-22.9070217007765,-22.5563720262848
22.2,-20.0659084680325,-21.0299218228438,-20.9421450481505,-21.6323193287624,-20.9951143281174,-20.6484146638165,-22.2238011768699,-20.8740871008603,-21.150938210318,-20.9820646093092,-22.1995555502984,-22.930495331346,-22.5712761979097
22.3,-20.0847278793729,-21.0451424013639,-20.9683378674541,-21.6511454565147,-21.0080073891174,-20.6723265742072,-22.243347106084,-20.8992167325491,-21.1714646748874,-21.0114364089555,-22.2121117164267,-22.9544682405582,-22.5865862926123
22.4,-20.1040673579632,-21.060841049773,-20.9951165971967,-21.6704991298024,-21.0213347253587,-20.6967767285551,-22.2634082817949,-20.9248861086402,-21.1924887108208,-21.0414158395193,-22.2250497216821,-22.9789373887357,-22.6022979960875
22.5,-20.1239260172343,-21.0770159925233,-21.0224801392205,-21.6903790553323,-21.03509411834,-20.721763061633,-22.2839818576817,-20.9510925226049,-21.2140069240126,-21.0720020912362,-22.238365859453,-23.0038996587399,-22.6184069122578
22.6,-20.1443029793105,-21.0936654337059,-21.0504273119784,-21.7107839260675,-21.0492833436394,-20.7472834446324,-22.3050648876622,-20.9778331754628,-21.2360158257413,-21.1031943254557,-22.2520563819692,-23.0293518501978,-22.6349085599945
22.7,-20.1651973739484,-21.1107875553996,-21.0789568432058,-21.7317124189525,-21.0639001698376,-20.7733356812168,-22.3266543241492,-21.005105170492,-21.2585118282428,-21.1349916699301,-22.2661174977766,-23.0552906735192,-22.6517983697795
22.8,-20.1866083374117,-21.1283805159797,-21.108067362324,-21.7531631925182,-21.0789423574101,-20.799917503437,-22.348747016266,-21.0329055077446,-21.2814912401373,-21.1673932138504,-22.2805453691496,-23.0817127436958,-22.6690716803053
22.9,-20.2085350112773,-21.1464424483858,-21.1377573925692,-21.7751348843552,-21.0944076575842,-20.8270265675051,-22.3713397080071,-21.0612310783586,-21.3049502617064,-21.2003980026182,-22.2953361094442,-23.1086145738787,-22.6867237350161
23,-20.2309765411659,-21.1649714583445,-21.168025342841,-21.7976261084482,-21.1102938111604,-20.854660449421,-22.3944290363278,-21.0900786586616,-21.3288849800173,-21.2340050323402,-22.3104857803881,-23.1359925687271,-22.7047496785884
23.1,-20.2539345908489,-21.1839678931456,-21.1988723147989,-21.8206379851047,-21.1266005879767,-20.8828191880765,-22.4180139290946,-21.1194474295547,-21.3532936556501,-21.2682161855315,-22.3259921093696,-23.1638453147206,-22.7231463370514
23.2,-20.2774082976171,-21.2034297699199,-21.2302964344273,-21.844169051227,-21.1433256711352,-20.9115001464849,-22.4420907498016,-21.1493338671905,-21.3781720722207,-21.3030303248945,-22.3418509872175,-23.1921689214873,-22.7419085721506
23.3,-20.3013942911407,-21.2233528206579,-21.2622928871741,-21.8682152917477,-21.160464710559,-20.9406980692928,-22.4666533814842,-21.1797318197402,-21.4035136308033,-21.3384433136822,-22.3580565626105,-23.2209571064274,-22.7610293993204
23.4,-20.3258917186338,-21.2437350224732,-21.2948595326486,-21.8927751952565,-21.1780153921996,-20.9704101617867,-22.4916980086114,-21.2106375366796,-21.4293139096904,-21.3744538874099,-22.374604660575,-23.2502057647744,-22.7805035284796
23.5,-20.3508997235385,-21.2645743155803,-21.3279940705292,-21.9178472107716,-21.195975384949,-21.0006335245601,-22.5172206974389,-21.242047119533,-21.4555683469572,-21.4110606998491,-22.3914910399396,-23.2799106460596,-22.8003255521767
23.6,-20.3764174436343,-21.2858686012105,-21.3616940305628,-21.9434297439702,-21.2143423391541,-21.0313651481265,-22.5432173933888,-21.273956514564,-21.4822722345966,-21.448262315543,-22.4087113902608,-23.3100673459466,-22.8204899417321
23.7,-20.4024440090151,-21.307615739471,-21.3959567622348,-21.9695211531833,-21.2331138850623,-21.0626019073438,-22.5696839182666,-21.3063615052088,-21.5094207124816,-21.4860572019383,-22.4262613286915,-23.3406712977956,-22.8409910433285
23.8,-20.4289785399247,-21.3298135471437,-21.4307794241026,-21.9961197451341,-21.2522876311918,-21.0943405556464,-22.5966159673058,-21.3392577042473,-21.5370087621556,-21.5244437211179,-22.4441363967912,-23.3717177639504,-22.8618230740543
23.9,-20.45602014444,-21.352459795423,-21.4661589727858,-22.0232237703996,-21.2718611626186,-21.126577719076,-22.6240091060263,-21.3726405457047,-21.5650312004466,-21.5634201211146,-22.4623320572803,-23.4032018267451,-22.8829801179001
24,-20.4835679159936,-21.3755522075895,-21.5020921516083,-22.0508314185706,-21.2918320391729,-21.1593098901097,-22.6518587668988,-21.4065052764813,-21.593482672907,-21.6029845267871,-22.4808436907394,-23.4351183792234,-22.9044561217126
24.1,-20.5116209307245,-21.3990884566182,-21.5385754788844,-22.0789408130844,-21.312197793534,-21.1925334212759,-22.6801602458017,-21.4408469477018,-21.6223576470766,-21.643134930241,-22.4996665922543,-23.4674621155691,-22.9262448911078
24.2,-20.5401782446474,-21.42306616272,-21.5756052358432,-22.1075500056994,-21.3329559292154,-21.2262445185555,-22.7089086982641,-21.4756604057832,-21.6516504055709,-21.683869180772,-22.5187959680099,-23.5002275212398,-22.9483400863482
24.3,-20.5692388906289,-21.4474828908134,-21.6131774541868,-22.1366569705798,-21.3541039184273,-21.2604392345623,-22.7380991354833,-21.5109402832162,-21.6813550389936,-21.7251849743129,-22.5382269318333,-23.5334088628056,-22.970735218185
24.4,-20.5988018751614,-21.4723361479247,-21.6512879032753,-22.1662595979523,-21.3756391998039,-21.2951134614974,-22.7677264201094,-21.5466809890568,-21.7114654386761,-21.7670798423625,-22.5579545016895,-23.5670001774841,-22.9934236436727
24.5,-20.628866174923,-21.4976233805171,-21.6899320769343,-22.196355687293,-21.3975591759831,-21.3302629238737,-22.7977852617891,-21.582876699128,-21.7419752892448,-21.8095511403738,-22.5779735961301,-23.6009952623754,-23.0163985619563
24.6,-20.6594307331121,-21.5233419717432,-21.72910517988,-22.2269429399973,-21.4198612110208,-21.3658831710055,-22.8282702124611,-21.6195213459281,-21.772878061019,-21.8525960355804,-22.5982790307007,-23.6353876633906,-23.0396530100388
24.7,-20.690494455547,-21.5494892386228,-21.768802113757,-22.2580189514784,-21.4425426276245,-21.4019695692599,-22.8591756613965,-21.6566086082478,-21.8041670022438,-21.8962114942375,-22.618865514306,-23.670170663877,-23.063179858531
24.8,-20.7220562065191,-21.5760624291424,-21.8090174627857,-22.289581202635,-21.4656007041879,-21.4385172940661,-22.8904958299789,-21.6941319004964,-21.8358351311599,-21.9403942682539,-22.6397276455393,-23.7053372729388,-23.0869718073907
24.9,-20.7541148043884,-21.6030587192753,-21.8497454790152,-22.3216270506152,-21.4890326716037,-21.4755213216802,-22.9222247662195,-21.7320843617401,-21.8678752279187,-21.9851408811917,-22.6608599089771,-23.7408802134542,-23.1110213816545
25,-20.7866690169117,-21.6304752099213,-21.8909800671793,-22.3541537187996,-21.5128357098349,-21.5129764207022,-22.9543563390013,-21.770458844458,-21.9002798263449,-22.030447613609,-22.682256671444,-23.7767919097945,-23.1353209271686
25.1,-20.8197175562924,-21.6583089237635,-21.9327147691544,-22.3871582859104,-21.5370069442173,-21.550877143344,-22.9868842320521,-21.8092479030193,-21.9330412055565,-22.0763104877216,-22.7039121782515,-23.8130644752446,-23.1598626063245
25.2,-20.8532590739428,-21.6865568020433,-21.9749427480162,-22.4206376741392,-21.5615434414693,-21.5892178164481,-23.0198019376409,-21.8484437818938,-21.966151381449,-22.1227252513577,-22.7258205494151,-23.8496896991359,-23.1846383938037
25.3,-20.8872921549479,-21.7152157012491,-22.0176567716973,-22.454588636172,-21.5864422053776,-21.6279925322553,-23.0531027499986,-21.8880384036041,-21.9996020980532,-22.1696873611824,-22.7479757758545,-23.8866590336942,-23.2096400723394
25.4,-20.9218153122235,-21.74428238972,-22.0608491962455,-22.4890077409667,-21.6117001721287,-21.6671951389234,-23.0867797584617,-21.9280233564335,-22.0333848187774,-22.2171919651653,-22.7703717155819,-23.9239635806145,-23.2348592284993
25.5,-20.9568269803575,-21.7737535441632,-22.1045119486845,-22.5238913581175,-21.6373142052518,-21.7068192307988,-23.1208258403394,-21.9683898819056,-22.067490717546,-22.2652338842685,-22.7930020898844,-23.9615940773719,-23.2602872484974
25.6,-20.9923302654234,-21.8036296438348,-22.1486409500901,-22.5592401174565,-21.6632845174968,-21.7468621380258,-23.1552371265471,-22.0091324216706,-22.1019136574226,-22.313812749999,-22.8158626513139,-23.9995438871941,-23.2859171877567
25.7,-21.0283186339279,-21.8339032040459,-22.1932225939467,-22.5950453760688,-21.6896043176677,-21.787312778676,-23.1900024248004,-22.0502377359543,-22.1366410314801,-22.3629173938493,-22.8389445354235,-24.0377997725181,-23.3117379680198
25.8,-21.064790242261,-21.8645706018211,-22.2382473992851,-22.6313027864226,-21.7162702137844,-21.8281639165173,-23.2251139239255,-22.0916959376501,-22.1716630819767,-22.4125415261599,-22.8622410261494,-24.0763512816876,-23.3377403435463
25.9,-21.1017431402652,-21.8956281075939,-22.2837053829789,-22.6680077194758,-21.7432787160583,-21.8694080197907,-23.2605635691723,-22.1334967404979,-22.2069697251507,-22.4626784478879,-22.885745255356,-24.1151875411883,-23.3639148517413
26,-21.1391752633844,-21.927071881275,-22.3295860406934,-22.7051552380682,-21.7706262292749,-21.9110372503071,-23.2963430537413,-22.175629445803,-22.2425505420703,-22.5133210279943,-22.9094501990869,-24.1542972408815,-23.3902518091999
26.1,-21.1770844244624,-21.9588979682299,-22.375878327489,-22.7427400670009,-21.798309044536,-21.953043452337,-23.332443810066,-22.2180829291159,-22.2783947694858,-22.5644616799128,-22.9333486738534,-24.1936686190922,-23.4167413078139
26.2,-21.2154683051912,-21.9911022951671,-22.4225706380939,-22.7807565592402,-21.8263233303116,-21.9954181413059,-23.3688570008592,-22.2608456269229,-22.3144912907065,-22.6160923370852,-22.9574333329683,-24.233289447583,-23.4433732109464
26.3,-21.2543244472067,-22.0236806659329,-22.4696507868683,-22.8191986575663,-21.8546651227551,-22.0381524923127,-23.4055735099352,-22.3039055234076,-22.3508286265302,-22.6682044275439,-22.9816966629352,-24.2731470164483,-23.4701371496794
26.4,-21.2936502428351,-22.0566287572165,-22.5171059874815,-22.8580598508408,-21.8833303152331,-22.0812373284867,-23.4425839328204,-22.3472501373513,-22.3873949262529,-22.7207888475313,-23.0061309799035,-24.3132281189649,-23.4970225191346
26.5,-21.3334429254896,-22.0899421141614,-22.5649228323311,-22.897333123886,-21.9123146470237,-22.1246631092057,-23.4798785671683,-22.3908665092484,-22.4241779587884,-22.7738359341447,-23.030728426199,-24.3535190364426,-23.5240184748747
26.6,-21.373699559724,-22.1236161458853,-22.6130872717346,-22.9370108997348,-21.9416136911381,-22.168419918198,-23.5174474029958,-22.4347411887275,-22.4611651039325,-22.8273354369997,-23.0554809669418,-24.3940055231201,-23.5511139293827
26.7,-21.4144170309477,-22.1576461209063,-22.6615845929295,-22.9770849727255,-21.9712228412272,-22.2124974515547,-23.5552801127576,-22.478860222379,-22.4983433438049,-22.8812764889103,-23.0803803867633,-24.4346727911579,-23.5782975486234
26.8,-21.4555920348084,-22.1920271624743,-22.7103993989253,-23.017546430541,-22.0011372975366,-22.256885005684,-23.593366041282,-22.5232091421056,-22.5356992545099,-22.9356475755869,-23.1054182866346,-24.4755054957836,-23.6055577486834
26.9,-21.4972210662538,-22.2267542438065,-22.7595155872508,-23.0583855628229,-22.0313520518845,-22.3015714652404,-23.6316941955898,-22.5677729541292,-22.5732189980532,-22.9904365043609,-23.1305860808191,-24.5164877206503,-23.6328826924906
27,-21.5393004082807,-22.2618221832258,-22.8089163286549,-23.0995917533796,-22.0618618716441,-22.3465452910669,-23.6702532346211,-22.6125361288075,-22.6108883145603,-23.045630371947,-23.155874993964,-24.5576029634754,-23.6602602866079
27.1,-21.5818261203861,-22.2972256391975,-22.8585840458144,-23.1411533522208,-22.0926612827283,-22.391794508194,-23.7090314588989,-22.6574825914339,-22.6486925148423,-23.1012155312669,-23.1812760583435,-24.5988341220311,-23.6876781780968
27.2,-21.6247940267322,-22.332959105263,-22.9085003921216,-23.1830575226147,-22.1237445515837,-22.4373066939409,-23.7480168001582,-22.7025957142233,-22.6866164733567,-23.1571775573583,-23.2067801112703,-24.6401634805642,-23.715123751444
27.3,-21.668199704044,-22.3690169048633,-22.9586462306219,-23.2252900570101,-22.1551056662278,-22.4830689661725,-23.7871968109747,-22.7478583097138,-22.7246446216169,-23.2135012124096,-23.2323777926898,-24.6815726967294,-23.7425841255429
27.4,-21.7120384692547,-22.4053931860489,-23.009001613187,-23.2678351538623,-22.1867383163762,-22.5290679717684,-23.8265586544274,-22.7932526258514,-22.7627609421027,-23.2701704099626,-23.2580595429739,-24.723042789126,-23.7700461507179
27.5,-21.7563053669201,-22.4420819160656,-23.0595457600125,-23.3106751449914,-22.2186358727413,-22.5752898753694,-23.8660890938335,-22.8387603430652,-22.8009489627314,-23.3271681783435,-23.2838156009313,-24.7645541255332,-23.797496405781
27.6,-21.8009951564227,-22.4790768758077,-23.1102570395441,-23.35379015985,-22.2507913656063,-22.6217203484668,-23.9057744825978,-22.8843625736901,-22.8391917519474,-23.3844766233868,-23.3096360020514,-24.806086411949,-23.8249211951042
27.7,-21.8461022989865,-22.5163716541256,-23.1611129489402,-23.397157708648,-22.2831974628155,-22.6683445589147,-23.9456007542199,-22.9300398641506,-22.8774719144956,-23.4420768905364,-23.3355105770005,-24.8476186825377,-23.8523065456926
27.8,-21.8916209445299,-22.5539596419709,-23.2120900951933,-23.4407521601929,-22.3158464473596,-22.7151471609436,-23.9855534125065,-22.9757722003912,-22.9157715879414,-23.4999491264175,-23.3614289503888,-24.8891292906067,-23.8796382042389
27.9,-21.9375449183788,-22.5918340263607,-23.2631641770437,-23.4845440818533,-22.3487301947723,-22.7621122857677,-24.0256175220405,-23.0215390171141,-22.954072440008,-23.5580724399892,-23.3873805398267,-24.930595900728,-23.9069016341403
28,-21.9838696293116,-22.6299891181913,-23.3143101913582,-23.52850000518,-22.3818412154613,-22.8092241662939,-24.0657780923695,-23.0673191712327,-22.9923554860551,-23.6164258736926,-23.4133546113757,-24.971995037454,-23.9340815313507
28.1,-22.0305881089641,-22.6684175700267,-23.3655015788634,-23.5725794489765,-22.4151703661592,-22.8564656102145,-24.1060190471789,-23.1130907223946,-23.0306011649483,-23.6749859941076,-23.4393400054683,-25.0133026171138,-23.9611625613048
28.2,-22.0776911630843,-22.7071105432798,-23.4167108383705,-23.6167344182185,-22.4487070446721,-22.9038184002526,-24.1463235966255,-23.1588314788282,-23.0687898028423,-23.7337274070098,-23.4653254014103,-25.0544945148267,-23.9881297189905
28.3,-22.1251711728165,-22.7460603374902,-23.4679098480052,-23.6609086200839,-22.4824412624763,-22.9512644812237,-24.1866749465356,-23.2045188529495,-23.1069011670502,-23.7926246436618,-23.4912993800387,-25.0955455690442,-24.0149672948061
28.4,-22.1730201266896,-22.785259013987,-23.5190695041491,-23.7050341421718,-22.5163625179419,-22.9987852403791,-24.2270558214681,-23.2501298390549,-23.1449145566567,-23.8516510008664,-23.5172503155807,-25.13642991209,-24.041659279499
28.5,-22.2212296071084,-22.8246983879887,-23.5701597116291,-23.7490280445106,-22.550459779847,-23.0463615039404,-24.2674484580115,-23.295641064959,-23.182808806364,-23.9107785030075,-23.5431663769006,-25.1771209721617,-24.0681893605177
28.6,-22.2697907769205,-22.8643700201844,-23.6211493759694,-23.7927876975352,-22.5847214735248,-23.0939735350775,-24.3078345987939,-23.3410288557109,-23.2205622916896,-23.9699778650099,-23.5690355291864,-25.2175914774992,-24.094540918199
28.7,-22.3186943660903,-22.9042652077026,-23.6720063979378,-23.8361843254652,-22.6191354701969,-23.1416010334854,-24.3481954872842,-23.386269311621,-23.258152935597,-24.0292184565012,-23.5948455360941,-25.2578134628833,-24.1206970217898
28.8,-22.3679306585161,-22.9443749743576,-23.7226976706281,-23.8790539603359,-22.6536890800631,-23.189223136717,-24.388511863468,-23.4313384032651,-23.2955582166361,-24.088468267489,-23.6205839623764,-25.2977582786251,-24.1466404253142
28.9,-22.4174894790228,-22.9846900600423,-23.7731890793312,-23.9211846478278,-22.6883690497149,-23.2368184234405,-24.4287639604834,-23.4762120866398,-23.3327551786763,-24.1476938758951,-23.6462381770129,-25.3373966022107,-24.1723535633072
29,-22.4673601805692,-23.0252009091133,-23.8234455044578,-23.9622982668945,-22.7231615644269,-23.2843649187901,-24.4689315023042,-23.5208664422379,-23.3697204423059,-24.206860417317,-23.671795356868,-25.3766984527648,-24.197818546454
29.1,-22.5175316317013,-23.0658976575887,-23.8734308277849,-24.0020248471009,-22.7580522558399,-23.3318401019843,-24.5089937025641,-23.5652778424756,-23.4064302179752,-24.2659315574168,-23.697242490894,-25.4156332084936,-24.2230171571982
29.2,-22.5679922042934,-23.1067701189474,-23.9231079423053,-24.0398673804147,-22.7930262154934,-23.3792209163833,-24.5489292646145,-23.609423152622,-23.4428603209559,-24.3248694673697,-23.722566384903,-25.4541696272643,-24.2479308454015
29.3,-22.6187297616091,-23.147807768287,-23.9724387659652,-24.0751581269358,-22.8280680145794,-23.4264837821577,-24.5887163829138,-23.653279971086,-23.478986188184,-24.3836348028311,-23.7477536669265,-25.492275870474,-24.2725407241739
29.4,-22.6697316467246,-23.1889997245591,-24.0213842595786,-24.107021676205,-22.8631617301864,-23.4736046117247,-24.6283327458438,-23.696826915496,-23.5147828970526,-24.4421866869142,-23.772790793183,-25.5299195303521,-24.296827566025
29.5,-22.720984671351,-23.2303347305587,-24.069904449208,-24.1344155513516,-22.8982909781676,-23.5205588281,-24.6677555400572,-23.7400439612324,-23.5502251862114,-24.5004826976959,-23.7976640546717,-25.5670676608329,-24.3207717995312
29.6,-22.7724751050952,-23.2718011302999,-24.1179584533013,-24.1565219182598,-22.9334389526175,-23.5673213862827,-24.7069614564521,-23.7829128385273,-23.5852874784286,-24.5584788607968,-23.8223595844101,-25.6036868121222,-24.3443535067606
29.7,-22.8241886652027,-23.3133868433629,-24.1655045148678,-24.1744563203368,-22.9685884717687,-23.6138667977561,-24.745926697879,-23.8254174922347,-23.6199439055578,-24.6161296476061,-23.8468633653331,-25.6397430690689,-24.3675524217503
29.8,-22.8761105068217,-23.3550793357424,-24.2125000389674,-24.1971112229306,-23.0037220299368,-23.6601691581359,-24.7846269886775,-23.8675446036446,-23.6541683356497,-24.673387979742,-23.8711612388666,-25.6752020934364,-24.3903479303914
29.9,-22.9282252138357,-23.3968655866811,-24.2589016357808,-24.2540762713151,-23.0388218549455,-23.7062021779196,-24.8230375861443,-23.909284164252,-23.6879344022364,-24.7302052403581,-23.8952389141907,-25.7100291701504,-24.4127190721424
30,-22.9805167903072,-23.4387320509156,-24.3046651695047,-24.3899801965953,-23.0738699702762,-23.7519392161918,-24.8611332940296,-23.9506300738087,-23.7212155358058,-24.786531292919,-23.919081978204,-25.7441892575796,-24.4346445440581
30.1,-23.0329686525835,-23.480664615716,-24.3497458133,-24.5809710912334,-23.1088482609967,-23.797353317001,-24.898888478157,-23.9915807039433,-23.7539849974748,-24.8423145080739,-23.9426759061983,-25.7776470418781,-24.4561027076969
30.2,-23.0855636221117,-23.522648552062,-24.3940981104964,-24.7352550306602,-23.143738542362,-23.8424172479329,-24.9362770842591,-24.0321393158279,-23.7862159148551,-24.8975017992618,-23.9660060732517,-25.8103669954005,-24.4770715995374
30.3,-23.1382839190174,-23.5646684592684,-24.4376760422206,-24.8302757153063,-23.1785226298368,-23.8871035401549,-24.9732726581135,-24.0723141337022,-23.8178813200945,-24.9520386676724,-23.9890577663454,-25.8423134391627,-24.49752894561
30.4,-23.1911111565019,-23.606708202366,-24.4804331015883,-24.8921451301001,-23.2131824091856,-23.9313845288672,-25.0098483680622,-24.1121177393162,-23.8489541900618,-25.0058692571729,-24.0118161972082,-25.8734506092979,-24.5174521811104
30.5,-23.2440270082431,-23.648750697516,-24.5223134083613,-24.940831091264,-23.2476983375725,-23.9752278750711,-25.0459723802481,-24.1515618951008,-23.8794011521433,-25.0589283692417,-24.0342633505511,-25.9037340956952,-24.5368127917993
30.6,-23.2970107993179,-23.69077790404,-24.5632777823138,-24.9853184628064,-23.2820538757194,-24.018609615309,-25.0816213006758,-24.1906638558532,-23.909201020101,-25.1111645473162,-24.0563872072462,-25.9331361269296,-24.5555929508791
30.7,-23.3500422800692,-23.7327709961166,-24.6032787608123,-25.0289431348939,-23.3162315294029,-24.0615017151115,-25.1167673179348,-24.2294284479192,-23.9383268702482,-25.1625182719391,-24.0781728370965,-25.9616211277989,-24.573769396932
30.8,-23.4031005808823,-23.774710074609,-24.6422687607006,-25.0728919799588,-23.3502141294181,-24.1038760695084,-25.1513823597339,-24.267839712955,-23.9667519064736,-25.212929000971,-24.0996052938611,-25.9891537448477,-24.5913187250009
30.9,-23.4561642116717,-23.8165740598905,-24.6802001859766,-25.1175210600473,-23.3839848809652,-24.1457045063825,-25.1854381283804,-24.3058428114446,-23.9944495102,-25.2623352828227,-24.1206696317053,-26.0156989309058,-24.6082174443347
31,-23.509211062592,-23.8583405757253,-24.7170255417721,-25.1628703484445,-23.4175274054125,-24.186958766628,-25.2189061389354,-24.3433195283434,-24.0213932919565,-25.3106748824031,-24.1413509223327,-26.0412220325291,-24.6244420461513
31.1,-23.5622184060544,-23.8999858251392,-24.7526975543687,-25.2088650438362,-23.4508257737082,-24.227610451317,-25.2517577600519,-24.3800600227486,-24.0475571444152,-25.3578849199587,-24.1616342727765,-26.0656888800217,-24.6399690820146
31.2,-23.61516290013,-23.9414844599183,-24.7871692969047,-25.2553948509748,-23.4838645309683,-24.267630922881,-25.2839642574826,-24.4157389195249,-24.0729152967284,-25.4039020228662,-24.1815048438279,-26.0890658796787,-24.6547752532341
31.3,-23.6680205934298,-23.9828094462615,-24.8203943203535,-25.3023447762688,-23.5166287120382,-24.3069911431887,-25.3154968402281,-24.4499107776872,-24.0974423699828,-25.4486624903089,-24.200947869076,-26.1113201078524,-24.6688375114471
31.4,-23.7207669315506,-24.0239319302003,-24.8523267892716,-25.349606306626,-23.5491038480954,-24.3456614261387,-25.3463267092787,-24.4820436078431,-24.121113433573,-25.492102470623,-24.2199486745241,-26.1324194064022,-24.6821331702426
31.5,-23.7733767651816,-24.0648211076835,-24.8829216217362,-25.3970806264631,-23.5812759646284,-24.3836110757643,-25.3764251088811,-24.5116011309939,-24.143904062279,-25.5341581509457,-24.2384926987514,-26.1523324790555,-24.6946400273272
31.6,-23.8258243599675,-24.1054441057054,-24.9121346328125,-25.4446786906237,-23.6131315713674,-24.4208078727349,-25.405763380242,-24.538160087136,-24.1657903938205,-25.5747659586271,-24.2565655135785,-26.1710289881734,-24.7063364963268
31.7,-23.8780834082273,-24.1457658824678,-24.9399226808108,-25.4923201688863,-23.6446576449573,-24.4572173625049,-25.4343130175602,-24.5615188933549,-24.1867491866418,-25.6138627736938,-24.2741528451949,-26.1884796513842,-24.7172017468766
31.8,-23.930127042629,-24.1857491562482,-24.9662438155237,-25.5399320991862,-23.6758416053388,-24.4928018875597,-25.462045726252,-24.5817448218897,-24.2067578776765,-25.6513861514646,-24.2912405957015,-26.2046563375234,-24.7272158511877
31.9,-23.9819278519214,-24.2253543742688,-24.9910574275595,-25.5874475825939,-23.7066712869355,-24.5275192951952,-25.4889334832195,-24.5991354353305,-24.225794639824,-25.6872745542345,-24.3078148650172,-26.2195321612957,-24.7363599348152
32,-24.0334578988243,-24.2645397342384,-25.0143243978282,-25.6348046368453,-23.7371349058309,-24.5613212431774,-25.5149485989792,-24.6141175466045,-24.2438384388633,-25.721467590751,-24.3238619730973,-26.2330815760604,-24.7446163289133
32.1,-24.084688740177,-24.3032612721513,-25.0360072461777,-25.6819452341707,-23.7672210241612,-24.5941510225227,-25.5400637814539,-24.6271346828697,-24.2608690895269,-25.7539062620216,-24.3393684824037,-26.2452804641321,-24.7519687208773
32.2,-24.135591449444,-24.3414730300863,-25.0560702781366,-25.7288145130936,-23.7969185129446,-24.6259408266339,-25.5642522012024,-24.6385652093894,-24.2768673104455,-25.7845332118096,-24.3543212205689,-26.2561062239808,-24.7584022999642
32.3,-24.1861366416731,-24.3791273168396,-25.0744797286792,-25.7753601417726,-23.8262165145244,-24.6566084307344,-25.58748755784,-24.6486851221325,-24.2918147776796,-25.8132929800062,-24.3687073031878,-26.2655378537235,-24.7639038942916
32.4,-24.2362945009961,-24.4161750719417,-25.0912039019077,-25.8215318085188,-23.8551044057262,-24.6860533224301,-25.6097441473841,-24.6576667913513,-24.3056941765507,-25.8401322569151,-24.3825141566733,-26.273556030305,-24.7684620955495
32.5,-24.2860348107578,-24.4525663396812,-25.106213305538,-25.867280817153,-23.8835717627237,-24.7141524671369,-25.6309969302346,-24.6655971661408,-24.3184892514875,-25.865000136344,-24.3957295411056,-26.2801431837838,-24.7720673678555
32.6,-24.3353269863511,-24.4882508540485,-25.1194807790762,-25.9125597681345,-23.9116083284806,-24.7407561287281,-25.6512215994839,-24.6725017234517,-24.3301848536114,-25.8878483652919,-24.4083415730049,-26.2852835661632,-24.7747121374398
32.7,-24.3841401108267,-24.5231787280546,-25.1309816145922,-25.9573223097494,-23.9392039834974,-24.7656845185207,-25.6703946492284,-24.678366387539,-24.3407669857903,-25.9086315879369,-24.4203387479559,-26.2889633142379,-24.776390860273
32.8,-24.4324429733366,-24.5573012319918,-25.1406936690331,-26.0015229466475,-23.9663487204455,-24.7887265109432,-25.6884934425462,-24.6831544972917,-24.3502228449029,-25.9273075815733,-24.4317099630098,-26.2911705059639,-24.7771000653271
32.9,-24.4802012997365,-24.5905672423754,-25.1485885202556,-26.0451137048599,-23.9930303158697,-24.8096304776329,-25.7054908046551,-24.686812884892,-24.3585352325141,-25.9438267879123,-24.4424413676998,-26.2918879034558,-24.7768336153751
33,-24.5273829590989,-24.6229323193944,-25.1546492527084,-26.0880497784063,-24.0192387872327,-24.8281323225712,-25.721365754133,-24.6892903250277,-24.3656937180407,-25.9581534592,-24.4525225870294,-26.2911075237384,-24.7755922500674
33.1,-24.5739587735188,-24.6543606369641,-25.1588709411575,-26.1302905170978,-24.0449666176367,-24.8439788172163,-25.7361040664906,-24.690543419979,-24.371694919136,-25.9702667075666,-24.4619469891335,-26.2888308630551,-24.7733835308275
33.2,-24.6198967975375,-24.6848167342591,-25.161242706277,-26.1717927799626,-24.0702040863392,-24.8569291059232,-25.7496872751598,-24.6905273767092,-24.3765312058122,-25.9801390760991,-24.4707053083536,-26.2850542434897,-24.7702122390604
33.3,-24.665165029705,-24.7142703713114,-25.161756637016,-26.2125138921183,-24.0949415268133,-24.8667986273365,-25.762098106883,-24.6892027551187,-24.3801963043591,-25.9877472238397,-24.4787887872998,-26.2797760995595,-24.7660850496391
33.4,-24.7097314685857,-24.7426970386996,-25.1604078330449,-26.252411642823,-24.1191693294345,-24.8734953440708,-25.7733205398681,-24.6865359391837,-24.3826853181682,-25.9930720648195,-24.486189196333,-26.2729969878958,-24.7610104233256
33.5,-24.7535641715678,-24.7700782642718,-25.1571944334756,-26.2914443002895,-24.1428779484988,-24.8770503606672,-25.7833398590093,-24.6824991692762,-24.3839947444509,-25.9960988842251,-24.4928988523114,-26.2647195885417,-24.7549984814185
33.6,-24.7966313163915,-24.7964016905439,-25.1521176315664,-26.3295706409586,-24.1660579132763,-24.8776330042547,-25.7921427078185,-24.6770703383883,-24.3841224867582,-25.9968174303067,-24.4989106365344,-26.2549486978678,-24.7480608663729
33.7,-24.8389012652822,-24.82166091278,-25.1451816752615,-26.366749991293,-24.1886998427553,-24.8755427013509,-25.7997171367234,-24.6702326743093,-24.3830678632367,-25.9952219809194,-24.5042180118181,-26.2436912131726,-24.7402105924225
33.8,-24.8803426315521,-24.8458550858156,-25.1363938535549,-26.4029422804267,-24.2107944637041,-24.8711763247913,-25.8060526474106,-24.6619743784622,-24.3808316105792,-25.9913113838862,-24.508815038645,-26.2309561091085,-24.7314618903385
33.9,-24.9209243485052,-24.8689883252866,-25.1257644688075,-26.438108102219,-24.2323326316557,-24.8649777690235,-25.8111402329081,-24.6522882603809,-24.3774158836593,-25.9850890706914,-24.512696390326,-26.2167544061429,-24.7218300503777
34,-24.9606157404523,-24.8910689439693,-25.113306795287,-26.4722087854168,-24.2533053544153,-24.8573823926066,-25.8149724131315,-24.6411713877366,-24.3728242508626,-25.9765630433361,-24.5158573671249,-26.201099131325,-24.711331267223
34.1,-24.9993865956181,-24.9121085746721,-25.099037024331,-26.5052064707529,-24.2737038176862,-24.8487696859001,-25.8175432656433,-24.6286247606862,-24.3670616851564,-25.9657458345253,-24.5182939092923,-26.1840052716951,-24.6999824903363
34.2,-25.0372072406907,-24.9321212364957,-25.0829741966612,-26.5370641938911,-24.2935194124212,-24.8394331598068,-25.8188484514038,-24.6146530130618,-24.3601345509604,-25.9526544416762,-24.5200026089647,-26.1654897207261,-24.6878012826483
34.3,-25.0740486167391,-24.951122401043,-25.065140122496,-26.5677459731955,-24.3127437635156,-24.8295697981637,-25.8188852353329,-24.5992641396055,-24.3520505869117,-25.9373102355611,-24.5209807208873,-26.1455712182399,-24.6748056899468
34.4,-25.1098823561972,-24.9691281098506,-25.0455592902146,-26.5972169013446,-24.3313687594759,-24.8192857745591,-25.8176525015279,-24.5824692468697,-24.3428188846345,-25.9197388446923,-24.5212261719217,-26.1242702842865,-24.6610141227231
34.5,-25.1446808605855,-24.986154185098,-25.0242587644201,-26.6254432398438,-24.3493865827204,-24.8086123323,-25.8151507630292,-24.5642823248104,-24.3324498636494,-25.8999700168396,-24.5207375693065,-26.101609147508,-24.6464452516399
34.6,-25.1784173786195,-25.0022155640331,-25.001268074334,-26.6523925155131,-24.3667897401864,-24.7975256936223,-25.8113821660592,-24.544720036055,-24.3209552425775,-25.8780374593161,-24.5195142076418,-26.0776116685472,-24.6311179172069
34.7,-25.2110660843319,-25.0173257751193,-24.976619093518,-26.6780336180408,-24.3835710939448,-24.7859664530258,-25.8063504887007,-24.5238015200541,-24.3083480068119,-25.8539786598841,-24.5175560745721,-26.0523032590796,-24.6150510537361
34.8,-25.2426021548135,-25.0314965620601,-24.9503459119741,-26.7023368977091,-24.3997238915446,-24.7738559027856,-25.8000611340235,-24.5015482096845,-24.2946423728467,-25.8278346903182,-24.5148638551484,-26.0257107970645,-24.59826362719
34.9,-25.2730018471633,-25.0447376516458,-24.9224847017109,-26.7252742624104,-24.4152417958359,-24.7611083837139,-25.7925211177059,-24.4779836582604,-24.2798537494695,-25.7996499947973,-24.5114389348514,-25.9978625388251,-24.580774586174
35,-25.3022425742212,-25.0570566534306,-24.8930735768832,-26.7468192730818,-24.4301189140419,-24.7476398004704,-25.7837390502368,-24.4531333752929,-24.2639986960334,-25.7694721654063,-24.5072834012649,-25.9687880285616,-24.5626028250268
35.1,-25.330302978652,-25.0684590738295,-24.862152449623,-26.7669472367076,-24.4443498258718,-24.7333729477679,-25.7737251138261,-24.4270246696849,-24.2470948780424,-25.7373517070851,-24.5024000443888,-25.9385180059058,-24.5437671577657
35.2,-25.3571630049341,-25.0789484242183,-24.8297628826708,-26.7856352960522,-24.4579296104917,-24.7182404341196,-25.7624910341838,-24.3996864993482,-24.2291610202868,-25.7033417943897,-24.4967923555885,-25.9070843121074,-24.5242863015141
35.3,-25.3828039688125,-25.0885264017012,-24.7959479398943,-26.8028625153163,-24.4708538721879,-24.7021859306348,-25.7500500473659,-24.3711493264933,-24.2102168577781,-25.6674980224103,-24.4904645251773,-25.8745197954303,-24.5041788679803
35.4,-25.4071963492178,-25.0971841770487,-24.7607389391442,-26.8185952883184,-24.4831122680015,-24.6851545109395,-25.7364053295145,-24.3414338554191,-24.1902735918662,-25.6298613198202,-24.4834144800211,-25.8408477960767,-24.4834575787876
35.5,-25.430336401685,-25.1049294524496,-24.7241954888004,-26.8328311480001,-24.4947079683349,-24.6671211518115,-25.7215848884215,-24.3105849222986,-24.1693627477877,-25.5905093773478,-24.4756548744313,-25.8061139911486,-24.4621469691634
35.6,-25.452209986192,-25.1117599748904,-24.6863642792877,-26.8455554470474,-24.5056383089934,-24.6480616233221,-25.7056062843167,-24.2786367111802,-24.1475068012559,-25.5495035727734,-24.4671919865841,-25.7703537004822,-24.4402653404562
35.7,-25.4728045795616,-25.1176727566722,-24.6472928981356,-26.8567557484591,-24.5159012384988,-24.6279605515534,-25.6884884088584,-24.2456243753256,-24.1247290230084,-25.5069066851218,-24.4580327700307,-25.733602871895,-24.4178309079279
35.8,-25.492109325559,-25.122664355106,-24.607029684917,-26.8664218795967,-24.5254953353087,-24.6068103931567,-25.6702514311626,-24.2115839158723,-24.1010534225933,-25.4627826490882,-24.4481848444931,-25.6958979904419,-24.3948618126528
35.9,-25.5101150799669,-25.1267311375013,-24.565623589619,-26.874545978144,-24.5344198231131,-24.5846104511075,-25.6509167406797,-24.17655206486,-24.0765046915334,-25.4171963157583,-24.437656485361,-25.6572759897496,-24.3713761342294
36,-25.526814450306,-25.1298695261936,-24.523124035118,-26.8811225295222,-24.5426745841591,-24.5613659669995,-25.6305068872749,-24.1405661726703,-24.0511081461212,-25.37021322108,-24.4264566119146,-25.6177741657769,-24.3473919035526
36.1,-25.5422018298994,-25.1320762203315,-24.4795807843555,-26.8861483953837,-24.5502601705664,-24.53708730458,-25.6090455188831,-24.1036640999481,-24.0248896701003,-25.3218993633577,-24.414594774302,-25.5774300933012,-24.3229271150367
36.2,-25.5562734260215,-25.1333483927361,-24.435043812727,-26.8896228328825,-24.5571778136121,-24.5117892269411,-25.5865573171084,-24.0658841140866,-23.9978756574737,-25.2723209908506,-24.4020811393044,-25.5362815453968,-24.2979997378079
36.3,-25.5690272819072,-25.1336838613761,-24.3895631861205,-26.8915475045105,-24.5634294309697,-24.4854902629531,-25.5630679311421,-24.0272647903558,-23.970092955678,-25.2215444003632,-24.3889264749265,-25.4943664161256,-24.272627725504
36.4,-25.5804632924466,-25.1330812359112,-24.3431889449594,-26.8919264783625,-24.5690176319018,-24.458212155134,-25.538603910371,-23.9878449177519,-23.9415688093472,-25.1696357475421,-24.3751421338529,-25.4517226466266,-24.2468290244236
36.5,-25.5905832134305,-25.1315400403959,-24.2959709945325,-26.890766218792,-24.573945720416,-24.4299793798557,-25.513192636041,-23.947663409626,-23.9123308048832,-25.1166608694059,-24.360740035821,-25.40838815475,-24.2206215798632
36.6,-25.5993906642642,-25.1290608136489,-24.2479590018203,-26.8880755674969,-24.5782176963989,-24.4008187306924,-25.4868622523344,-23.9067592191419,-23.8824068160324,-25.062685119475,-24.3457326489576,-25.3644007683472,-24.1940233405579
36.7,-25.6068911241128,-25.1256451890409,-24.1992022989561,-26.8838657151626,-24.5818382547601,-24.3707589562822,-25.4596415972056,-23.8651712595875,-23.8518249506587,-25.0077732157093,-24.3301329701402,-25.3197981622962,-24.1670522612072
36.8,-25.6130919214938,-25.1212959555585,-24.1497497934035,-26.878150163877,-24.5848127826175,-24.3398304449325,-25.4315601333085,-23.8229383295473,-23.8206134988866,-24.9519891013177,-24.3139545044426,-25.2746177993075,-24.1397263031242
36.9,-25.6180022173763,-25.1160171020229,-24.0996498848646,-26.8709446806032,-24.5871473545728,-24.3080649491735,-25.4026478793305,-23.7800990429203,-23.7888008827705,-24.8953958183755,-24.2972112437306,-25.2288968745316,-24.1120634330866
37,-25.621632981902,-25.1098138462873,-24.0489503888883,-26.8622672420788,-24.5888487261249,-24.2754953444165,-25.3729353420331,-23.7366917637466,-23.7564156076363,-24.8380553940686,-24.2799176444815,-25.1826722639596,-24.0840816205006
37.1,-25.6239969648832,-25.1026926511451,-23.9976984670929,-26.8521379715744,-24.589924325285,-24.2421554167572,-25.3424534492758,-23.6927545457845,-23.7234862152153,-24.7800287392822,-24.2620886048998,-25.1359804765864,-24.0557988330158
37.2,-25.6251086602818,-25.0946612285586,-23.9459405638797,-26.8405790680093,-24.5903822424548,-24.2080796757537,-25.3112334842821,-23.6483250767604,-23.690041238685,-24.7213755591666,-24.2437394414094,-25.0888576102864,-24.0272330307397
37.3,-25.6249842649157,-25.0857285336901,-23.8937223494759,-26.8276147279772,-24.5902312186434,-24.1733031886852,-25.2793070213851,-23.6034406271942,-23.6561091597025,-24.6621542752359,-24.2248858646058,-25.0413393113319,-23.9984021592154
37.4,-25.6236416316755,-25.0759047500744,-23.8410886691098,-26.8132710612833,-24.5894806320995,-24.1378614333739,-25.2467058634637,-23.558138003688,-23.6217183675107,-24.6024219585004,-24.2055439547511,-24.9934607374696,-23.9693241413271
37.5,-25.621100217574,-25.0652012671472,-23.7880834981022,-26.7975760006309,-24.5881404834415,-24.1017901671444,-25.2134619812636,-23.5124535065464,-23.5868971201699,-24.5422342730829,-24.1857301369012,-24.9452565244555,-23.9400168682981
37.6,-25.6173810269799,-25.0536306512128,-23.7347499026262,-26.7805592061329,-24.5862213793736,-24.0651253098903,-25.1796074547698,-23.4664228915878,-23.5516735079634,-24.4816454297338,-24.1654611557542,-24.8967607559422,-23.910498189944
37.7,-25.6125065504163,-25.0412066108191,-23.6811300058795,-26.7622519653369,-24.5837345150787,-24.0279028395539,-25.1451744167759,-23.4200813359908,-23.5160754189968,-24.4207081486391,-24.1447540503075,-24.8480069365954,-23.8807859043349
37.8,-25.6064952768225,-25.0279399240463,-23.6272639548347,-26.7426810919829,-24.5806889901203,-23.9901563170544,-25.1101924777213,-23.3734622197874,-23.4801289412471,-24.359472417767,-24.1236241515601,-24.7990270230703,-23.8508969715032
37.9,-25.5993728525447,-25.0138467054081,-23.5731924701445,-26.7218813267283,-24.5770973042276,-23.951922079601,-25.0746941773619,-23.3265999557167,-23.4438618549711,-24.297988592625,-24.1020892670701,-24.7498537500602,-23.820849306912
38,-25.5911713997298,-24.9989479761793,-23.5189558615512,-26.6998944019872,-24.5729750395545,-23.9132383029849,-25.0387141633379,-23.2795291502061,-23.4073029459736,-24.2363061897566,-24.0801692329695,-24.7005198362456,-23.7906613453702
38.1,-25.581918698926,-24.9832616097237,-23.4645922110588,-26.676757080748,-24.5683355596633,-23.8741403457471,-25.0022842575717,-23.2322823794536,-23.370478983979,-24.1744717149433,-24.0578820160184,-24.6510562426321,-23.7603505646358
38.2,-25.5716436560553,-24.9668063897832,-23.4101385596573,-26.6525072069515,-24.5631927112513,-23.8346632433808,-24.9654360876664,-23.184891524338,-23.3334163966605,-24.1125301151366,-24.0352457499103,-24.6014932603516,-23.7299343345543
38.3,-25.5603762235067,-24.9496019574019,-23.3556309001765,-26.6271835934127,-24.5575608006488,-23.7948416552339,-24.9282010456451,-23.1373877569609,-23.2961412483148,-24.0505247841724,-24.0122787106457,-24.5518605004785,-23.6994299059118
38.4,-25.5481473198734,-24.9316687566644,-23.3011041735449,-26.6008259100958,-24.5514545696996,-23.7547098173314,-24.8906102493308,-23.0898015299676,-23.2586792205595,-23.9884975734798,-23.9889992923059,-24.5021868861193,-23.6688543995061
38.5,-25.5349887487736,-24.9130279796348,-23.2465922681781,-26.5734745733351,-24.5448891711294,-23.7143015006196,-24.8526945063542,-23.0421625684637,-23.2210555949903,-23.9264888072495,-23.9654259832998,-24.4525006466347,-23.6382247955073
38.6,-25.5209331171796,-24.8937015108415,-23.1921280222312,-26.5451706365594,-24.5378801435009,-23.6736499741878,-24.8144842807709,-22.9944998643482,-23.1832952377256,-23.8645373015465,-23.9415773431477,-24.4028293138584,-23.6075579231683
38.7,-25.5060137536675,-24.8737118716211,-23.1377432284581,-26.5159556830285,-24.5304433858544,-23.6327879730666,-24.7760096622502,-22.9468416728845,-23.1454225857703,-23.8026803868845,-23.9174719798618,-24.3531997201779,-23.5768704509355
38.8,-25.4902646269804,-24.8530821645978,-23.083468641434,-26.4858717210545,-24.5225951321329,-23.5917476702379,-24.7373003377914,-22.8992155113402,-23.1074616351124,-23.7409539338072,-23.8931285279762,-24.3036379983481,-23.5461788770046
38.9,-25.4737202652773,-24.8318360185511,-23.0293339869045,-26.454961082129,-24.5143519254841,-23.5505606525278,-24.6983855659097,-22.8516481595282,-23.0694359304785,-23.6793923810549,-23.8685656272774,-24.2541695829083,-23.5154995203538
39,-25.4564156764169,-24.8099975338951,-22.9753679730413,-26.4232663223301,-24.5057305925305,-23.5092579000735,-24.6592941532292,-22.8041656620877,-23.0313685566603,-23.6180287659217,-23.8438019022751,-24.2048192130782,-23.4848485122828
39.1,-25.4383862696028,-24.7875912289707,-22.9215983033926,-26.390830127338,-24.4967482176972,-23.4678697690852,-24.62005443341,-22.7567933323526,-22.9932821313282,-23.5568947564421,-23.8188559424491,-24.1556109370169,-23.4542417884766
39.2,-25.4196677786865,-24.7646419873292,-22.8680516913321,-26.3576952213427,-24.4874221176796,-23.4264259776382,-24.5806942483301,-22.7095557576583,-22.9551987992481,-23.4960206850721,-23.7937462833078,-24.1065681173262,-23.4236950816116
39.3,-25.4002961874027,-24.741175006166,-22.8147538758212,-26.3239042800722,-24.4777698161322,-23.3849555942526,-24.5412409314404,-22.6624768059471,-22.9171402278138,-23.4354355835624,-23.7684913882763,-24.0577134376882,-23.3932239145093
39.4,-25.3803076567793,-24.7172157460437,-22.7617296383115,-26.2894998481366,-24.4678090186551,-23.3434870290321,-24.501721293205,-22.6155796335389,-22.8791276038139,-23.3751672187454,-23.7431096314398,-24.0090689105333,-23.3628435938456
39.5,-25.3597384549414,-24.6927898820264,-22.7090028206271,-26.2545242608307,-24.4575575881479,-23.3020480271489,-24.4621616085345,-22.5688866939394,-22.8411816313461,-23.3152421289857,-23.7176192811527,-23.9606558856339,-23.3325692044127
39.6,-25.338624889495,-24.6679232563307,-22.6565963436792,-26.2190195705034,-24.4470335205996,-23.2606656644731,-24.4225876061223,-22.5224197475698,-22.8033225308024,-23.2556856610687,-23.6920384845247,-23.9124950595301,-23.3024156039327
39.7,-25.3170032426554,-24.6426418325841,-22.6045322268743,-26.1830274775585,-24.4362549213762,-23.2193663451607,-24.3830244595874,-22.4761998723042,-22.7655700388412,-23.1965220073267,-23.666385252787,-23.8646064856945,-23.2723974184152
39.8,-25.2949097092538,-24.6169716517643,-22.5528316080918,-26.1465892661204,-24.4252399820628,-23.1781758010239,-24.3434967803312,-22.4302474747103,-22.7279434092751,-23.137774242822,-23.6406774475405,-23.8170095853499,-23.2425290380489
39.9,-25.2723803377312,-24.5909387898828,-22.5015147641149,-26.1097457443625,-24.4140069579146,-23.1371190925175,-24.3040286120103,-22.3845823018976,-22.6904614147953,-23.0794643624275,-23.6149327678808,-23.769723158856,-23.2128246136177
40,-25.2494509742064,-24.564569317461,-22.450601131409,-26.0725371894659,-24.4025741459609,-23.0962206111892,-24.2646434265356,-22.339223453881,-22.6531423494673,-23.0216133176686,-23.5891687383929,-23.722765397592,-23.1832980534248
40.1,-25.2261572096759,-24.5378892608362,-22.4001093271546,-26.0350032971522,-24.3909598638093,-23.0555040834472,-24.2253641215017,-22.2941893963771,-22.6160040319252,-22.9642410532007,-23.5634026980052,-23.6761538962577,-23.1539630207132
40.2,-25.2025343303896,-24.5109245653234,-22.3500571704455,-25.9971831357059,-24.3791824291852,-23.0149925755127,-24.1862130189571,-22.2494979739563,-22.579063809206,-22.9073665428213,-23.5376517896889,-23.629905665529,-23.1248329315637
40.3,-25.1786147229568,-24.4836987723609,-22.3004663395352,-25.9591130407435,-24.3672588974299,-22.9747109408885,-24.1472135414521,-22.2051701135995,-22.5423408284527,-22.8510130486668,-23.5119334279143,-23.5840410222039,-23.0959232171773
40.4,-25.15443613254,-24.4562403405563,-22.2513487845288,-25.9208334796943,-24.3552091211345,-22.9346789093495,-24.1083855814518,-22.1612190770241,-22.5058495470135,-22.7951927979075,-23.4862641766108,-23.538572265849,-23.0672447745634
40.5,-25.1300326519701,-24.4285747639473,-22.2027200378095,-25.8823813841703,-24.3430513013627,-22.8949175884031,-24.0697497229668,-22.1176609107584,-22.4696059128422,-22.7399220383001,-23.4606605307867,-23.4935147185668,-23.0388102631184
40.6,-25.1054379014077,-24.400727325913,-22.1545949194749,-25.8437929160805,-24.3308035648009,-22.8554474549639,-24.0313259813576,-22.0745110955291,-22.4336254230649,-22.6852161857237,-23.4351387561459,-23.4488831718847,-23.0106320910996
40.7,-25.0806849946489,-24.3727230717582,-22.106987558348,-25.805103442402,-24.3184839474255,-22.8162883645302,-23.9931338075619,-22.0317845602422,-22.3979231301715,-22.6310898567252,-23.4097148827604,-23.4046919003137,-22.9827224156628
40.8,-25.0558065084596,-24.344586783119,-22.0599114127926,-25.7663475135954,-24.3061103790366,-22.7774595609119,-23.9551920931661,-21.9894956959741,-22.3625136485306,-22.5775569002392,-23.3844046994573,-23.3609546749376,-22.9550931432668
40.9,-25.0308344548682,-24.3163429541598,-22.013379291301,-25.7275588454887,-24.2937006686704,-22.7389796864256,-23.9175191762496,-21.9476583699367,-22.3274111611845,-22.5246304284567,-23.359223748899,-23.3176847769983,-22.9277559304264
41,-25.0058002563359,-24.2880157695295,-21.9674033728196,-25.6887703044554,-24.2812724908897,-22.7008667924905,-23.8801328479341,-21.9062859393804,-22.2926294268895,-22.4723228468279,-23.3341873233261,-23.2748950114395,-22.900722184796
41.1,-24.9807347237128,-24.2596290840335,-21.9219952267845,-25.6500138957028,-24.2688433729551,-22.6631383505566,-23.8430503595734,-21.8653912654046,-22.2581817873673,-22.4206458831862,-23.3093104609392,-23.232597720377,-22.874003066564
41.2,-24.955668036888,-24.2312064039817,-21.8771658328444,-25.6113207544967,-24.2564306828738,-22.6258112633063,-23.806288430524,-21.8249867266498,-22.2240811747338,-22.3696106159883,-23.2846079428899,-23.1908047964651,-22.8476094901423
41.3,-24.9306297280296,-24.2027708701631,-21.8329256002504,-25.572721140137,-24.24405161832,-22.5889018760766,-23.7698632564378,-21.785084232847,-22.1903401190797,-22.3192275016726,-23.260094290854,-23.1495276961347,-22.821552126132
41.4,-24.9056486673104,-24.1743452423999,-21.7892843868965,-25.5342444325127,-24.2317231964166,-22.5524259884515,-23.733790518024,-21.7456952382039,-22.1569707561743,-22.2695064011367,-23.2357837651597,-23.1087774526767,-22.7958414035498
41.5,-24.8807530510121,-24.1459518856293,-21.746251517997,-25.49591913106,-24.2194622443702,-22.5163988659819,-23.698085390228,-21.7068307546119,-22.1239848352702,-22.2204566053438,-23.2116903634423,-23.0685646891507,-22.7704875122973
41.6,-24.8559703918951,-24.1176127574579,-21.7038358043903,-25.4577728559545,-24.2072853909431,-22.4808352519938,-23.6627625517814,-21.6685013646581,-22.0913937269876,-22.1720868600684,-23.1878278197993,-23.028899631099,-22.7455004058589
41.7,-24.8313275117253,-24.0893493971379,-21.6620455604608,-25.4198323513732,-24.195209058748,-22.4457493794503,-23.6278361950773,-21.6307172344314,-22.0592084312585,-22.1244053897947,-23.1642096044168,-22.9897921190505,-22.7208898042135
41.8,-24.8068505358432,-24.0611829159067,-21.6208886216728,-25.382123490665,-24.1832494573478,-22.4111549828352,-23.5933200363294,-21.5934881261123,-22.0274395853137,-22.0774199207836,-23.1408489236421,-22.9512516207971,-22.696665196944
41.9,-24.7825648896652,-24.0331339886363,-21.5803723617115,-25.3446712832793,-24.1714225771405,-22.3770653100331,-23.559227325977,-21.556823410339,-21.9960974716982,-22.0311377033262,-23.1177587204749,-22.9132872434304,-22.6728358465318
42,-24.7584952970063,-24.0052228467347,-21.5405037092296,-25.3074998833015,-24.1597441840099,-22.3434931341807,-23.5255708592994,-21.5207320783437,-21.9651920263,-21.9855655332025,-23.0949516754515,-22.8759077451278,-22.6494107918236
42.1,-24.7346657801135,-23.9774692722461,-21.5012891641969,-25.270632599457,-24.1482298147195,-22.31045076547,-23.4923629872051,-21.4852227538559,-21.9347328463823,-21.9407097723658,-23.072440207895,-22.8391215466756,-22.6263988516567
42.2,-24.7110996613059,-23.9498925930915,-21.4627348138551,-25.2340919064483,-24.1368947730254,-22.2779500628857,-23.4596156271687,-21.4503037047686,-21.9047291986063,-21.8965763688752,-23.0502364775087,-22.8029367427222,-22.6038086286319
42.3,-24.687819566112,-23.9225116793976,-21.4248463482762,-25.1978994574967,-24.1257541264864,-22.2460024458602,-23.427340274281,-21.4159828545682,-21.8751900270376,-21.8531708760963,-23.0283523862853,-22.7673611127521,-22.5816485130215
42.4,-24.6648474278069,-23.895344940859,-21.3876290755291,-25.1620760979701,-24.1148227039459,-22.2146189058371,-23.3955480123927,-21.3822677935266,-21.8461239611284,-21.8104984711942,-23.0067995807087,-22.7324021317754,-22.5599266868031
42.5,-24.6422044932468,-23.8684103250792,-21.3510879364565,-25.1266418799777,-24.1041150936584,-22.1838100177298,-23.3642495253216,-21.3491657896565,-21.8175393236656,-21.7685639729412,-22.985589454225,-22.6980669807247,-22.5386511278073
42.6,-24.6199113299065,-23.8417253168423,-21.3152275190652,-25.0916160778295,-24.0936456420382,-22.153585951268,-23.3334551081047,-21.3166837994332,-21.789444138684,-21.7273718588609,-22.9647331499577,-22.6643625565567,-22.5178296139711
42.7,-24.5979897406067,-23.8153083265881,-21.2800554495655,-25.057019384363,-24.0834297576047,-22.1239594430765,-23.3031772447485,-21.2848315814774,-21.7618486131241,-21.686929960162,-22.9442434037648,-22.6312986375611,-22.4974720268555
42.8,-24.5764592275699,-23.7891761469814,-21.2455757040457,-25.0228698134237,-24.073481498133,-22.0949400162052,-23.2734256192118,-21.2536155881896,-21.7347603005724,-21.6472421719838,-22.9241310173019,-22.5988816698676,-22.4775858616658
42.9,-24.5553365406572,-23.7633435568012,-21.2117885278327,-24.9891822909041,-24.063813238008,-22.0665337657114,-23.2442068974762,-21.2230388231339,-21.7081839302325,-21.6083083767572,-22.9044046054574,-22.5671146241036,-22.458176054269
43,-24.5346396033133,-23.7378261862377,-21.1786972258634,-24.9559731288321,-24.054438348479,-22.0387493417463,-23.2155299228016,-21.1931070919177,-21.6821264020206,-21.5701318385739,-22.8850743347143,-22.5360033495637,-22.4392496223445
43.1,-24.5143857101766,-23.7126392113624,-21.1463048170071,-24.9232579490145,-24.0453699611617,-22.0115950445439,-23.1874032063388,-21.1638259391719,-21.6565943562368,-21.5327155573622,-22.8661501378296,-22.5055534577995,-22.4208134063891
43.2,-24.4945915395417,-23.6877973579833,-21.1146140462215,-24.8910517017603,-24.0366209699808,-21.9850788350011,-23.1598349382674,-21.1352006579359,-21.631594181174,-21.4960622825063,-22.8476417175498,-22.4757703308547,-22.4028740744259
43.3,-24.4752731664488,-23.6633149061025,-21.0836273963603,-24.8593686848765,-24.0282040335512,-21.9592083451272,-23.1328329988676,-21.1072362988406,-21.6071320206686,-21.4601745259587,-22.8295585504191,-22.4466591291854,-22.3854381267647
43.4,-24.456446076333,-23.639205694936,-21.0533470996348,-24.8282225628737,-24.0201315779715,-21.9339908883628,-23.1064049695135,-21.0799376790939,-21.583213781593,-21.4250545748664,-22.8119098906541,-22.4182247992602,-22.3685119008059
43.5,-24.4381251791684,-23.6154831284576,-21.0237751487377,-24.7976263863251,-24.0124158000057,-21.9094334697727,-23.0805581435792,-21.0533093912738,-21.5598451412894,-21.3907045037289,-22.7947047740659,-22.3904720808426,-22.3521015758836
43.6,-24.4203248240486,-23.5921601814285,-20.9949133076331,-24.767592611325,-24.005068670631,-21.8855427961102,-23.055299537249,-21.0273558119363,-21.5370315549442,-21.3571261861087,-22.7779520220102,-22.3634055139522,-22.3362131781414
43.7,-24.4030588141445,-23.5692494058793,-20.9667631220183,-24.7381331189977,-23.9981019389254,-21.8623252857606,-23.0306359002243,-21.002081110044,-21.5147782629038,-21.3243213059126,-22.7616602453421,-22.3370294455061,-22.3208525854371
43.8,-24.3863404219881,-23.546762938007,-20.9393259294656,-24.7092592350125,-23.991527136276,-21.8397870785623,-23.006573726319,-20.977489255219,-21.4930902979292,-21.2922913682592,-22.7458378483574,-22.3113480356377,-22.3060255322703
43.9,-24.370182405029,-23.5247125054584,-20.9126028692449,-24.6809817490627,-23.9853555808841,-21.8179340455103,-22.9831192639402,-20.9535840258297,-21.4719724923935,-21.2610377099542,-22.7304930326979,-22.2863652636951,-22.2917376147291
44,-24.3545970214191,-23.5031094349641,-20.8865948918368,-24.6533109342712,-23.9795983825463,-21.7967717983454,-22.9602785264449,-20.9303690169143,-21.4514294854182,-21.2305615095849,-22.7156338012017,-22.2620849339179,-22.2779942954529
44.1,-24.339596045977,-23.4819646602973,-20.861302768139,-24.6262565664869,-23.9742664476926,-21.7763056990297,-22.9380573023721,-20.9078476479479,-21.4314657299514,-21.2008637972534,-22.7012679616756,-22.2385106807939,-22.2648009086047
44.2,-24.3251907862949,-23.4612887305258,-20.8367270983716,-24.5998279434407,-23.9693704846608,-21.7565408691156,-22.9164611655426,-20.8860231704584,-21.4120854997875,-21.1719454639622,-22.6874031305722,-22.215645974096,-22.2521626648522
44.3,-24.3113920989433,-23.4410918185308,-20.8128683206859,-24.5740339037335,-23.9649210091892,-21.7374821990061,-22.8954954850241,-20.8648986754963,-21.3932928965275,-21.143807270667,-22.6740467365466,-22.1934941236013,-22.2400846563525
44.4,-24.2982104057431,-23.4213837297673,-20.7897267194824,-24.5488828456267,-23.9609283501097,-21.7191343571143,-22.8751654349604,-20.8444771009649,-21.3750918564813,-21.1164498570104,-22.6612060238748,-22.1720582834946,-22.2285718617376
44.5,-24.2856557100644,-23.4021739112383,-20.7673024334411,-24.5243827456153,-23.9574026552248,-21.7015017989206,-22.8554760042589,-20.8247612388137,-21.357486157512,-21.08987374975,-22.6488880557126,-22.1513414564596,-22.2176291510983
44.6,-24.2737376131266,-23.3834714606627,-20.7455954632697,-24.5005411767598,-23.9543538973512,-21.6845887759339,-22.8364320061354,-20.8057537421013,-21.3404794258217,-21.0640793708938,-22.6370997171718,-22.1313464974607,-22.2072612909637
44.7,-24.2624653302653,-23.3652851358102,-20.7246056791734,-24.4773653267572,-23.9517918805163,-21.6683993445555,-22.8180380875159,-20.7874571319327,-21.3240751426794,-21.0390670455553,-22.6258477181933,-22.1120761172207,-22.1974729492727
44.8,-24.2518477071422,-23.3476233639844,-20.7043328280503,-24.4548620157368,-23.9497262462932,-21.6529373748514,-22.8002987382911,-20.7698738042739,-21.3082766510913,-21.0148370095384,-22.6151385961976,-22.0935328853997,-22.1882687003366
44.9,-24.2418932358707,-23.3304942516319,-20.6847765404164,-24.4330377137629,-23.9481664802585,-21.6382065592336,-22.7832183004256,-20.7530060366493,-21.2930871624124,-20.991389416665,-22.6049787184881,-22.0757192334827,-22.1796530297902
45,-24.2326100710351,-23.3139055940572,-20.665936337064,-24.4118985580323,-23.947121918563,-21.6242104210512,-22.7668009769181,-20.7368559947253,-21.2785097629011,-20.9687243458549,-22.5953742843881,-22.0586374573843,-22.1716303395288
45.1,-24.2240060455824,-23.2978648852258,-20.6478116354568,-24.391450369754,-23.9466017546023,-21.6109523230954,-22.7510508406147,-20.7214257387838,-21.2645474202142,-20.946841807968,-22.5863313270893,-22.0422897197781,-22.1642049526304
45.2,-24.2160954890327,-23.2823848376693,-20.6304087564927,-24.3717055500642,-23.9466203624962,-21.5984427730482,-22.7359784599982,-20.7067243242407,-21.2512090745707,-20.9257494228195,-22.5778613329005,-22.0266852870893,-22.1573870564629
45.3,-24.2088789695982,-23.267466990247,-20.6137199120416,-24.3526625538135,-23.9471815231362,-21.5866775971237,-22.7215811281496,-20.6927465597402,-21.2384914419378,-20.9054394114064,-22.5699644959629,-22.0118188607,-22.1511749721283
45.4,-24.2023634417494,-23.2531179849275,-20.5977442430946,-24.3343263450842,-23.9482940392469,-21.5756597230051,-22.7078625761189,-20.6794942249242,-21.2263971699168,-20.8859116180103,-22.5626463543835,-21.9976922114152,-22.1455728139265
45.5,-24.196555600803,-23.2393442024517,-20.5824808105183,-24.3167016367051,-23.9499665985305,-21.5653919512895,-22.6948264388732,-20.666969019135,-21.2149288131342,-20.8671658442438,-22.5559122842373,-21.984306983686,-22.1405846370235
45.6,-24.19146189791,-23.2261517723207,-20.5679286001687,-24.2997929054081,-23.9522077806906,-21.5558769635712,-22.6824762633662,-20.6551725673855,-21.2040888394396,-20.8492018548305,-22.5497674996484,-21.9716646967743,-22.136214442275
45.7,-24.1870885548239,-23.2135465827752,-20.5540865277611,-24.283604406629,-23.9550260645009,-21.5471173304447,-22.6708155164604,-20.6441064262375,-21.193879636044,-20.8320193831972,-22.5442170524639,-21.9597667457435,-22.1324661810276
45.8,-24.1834415784391,-23.2015342907548,-20.5409534434958,-24.2681401889488,-23.9584298349138,-21.5391155194269,-22.6598475927083,-20.6337720895919,-21.1843035155983,-20.8156181368872,-22.5392658315021,-21.9486144023019,-22.1293437598963
45.9,-24.1805267750945,-23.1901203318224,-20.528528136443,-24.2534041081761,-23.9624273902026,-21.5318739028,-22.6495758219889,-20.6241709943921,-21.1753627222098,-20.7999978027996,-22.5349185613634,-21.9382088155242,-22.1268510455192
46,-24.1783497646301,-23.1793099300442,-20.516809338688,-24.2393998410686,-23.967026949133,-21.5253947653748,-22.6400034770049,-20.6153045262444,-21.1670594373993,-20.785158052262,-22.5311798007889,-21.9285510124828,-22.1249918692877
46.1,-24.1769159941961,-23.1691081078139,-20.5057957292389,-24.2261308986966,-23.9722366581592,-21.5196803121762,-22.6311337806419,-20.6071740249557,-21.1593957859947,-20.7710985459418,-22.5280539405572,-21.9196418988217,-22.1237700320526
46.2,-24.176230751806,-23.1595196956103,-20.4954859376976,-24.2136006394481,-23.9780645986418,-21.5147326760476,-22.622969913189,-20.5997807899919,-21.1523738419654,-20.7578189386023,-22.5255452009122,-21.9114822593096,-22.1231893088067
46.3,-24.1762991796316,-23.15054934168,-20.4858785476967,-24.2018122816796,-23.9845187940841,-21.5105539251799,-22.6155150194267,-20.5931260858587,-21.1459956341921,-20.7453188837079,-22.5236576285184,-21.9040727584113,-22.1232534533428
46.4,-24.1771262870387,-23.1422015216352,-20.4769721001013,-24.1907689160146,-23.9916072173855,-21.5071460705597,-22.6087722155832,-20.5872111474061,-21.1402631521763,-20.7335980378848,-22.5223950929426,-21.8974139409195,-22.1239662028882
46.5,-24.1787169633601,-23.1344805479598,-20.4687650959785,-24.1804735172953,-23.999337798109,-21.5045110733414,-22.6027445961603,-20.582037185059,-21.135178351686,-20.72265606524,-22.5217612826685,-21.8915062326916,-22.1253312827165
46.6,-24.1810759904068,-23.127390579415,-20.4612559993338,-24.1709289561895,-24.007718429764,-21.5026508521411,-22.5974352406336,-20.5776053899755,-21.1307431603401,-20.712492641545,-22.5217597006528,-21.8863499415408,-22.1273524107358
46.7,-24.1842080547174,-23.1209356303386,-20.4544432396151,-24.1621380104616,-24.0167569771021,-21.5015672902527,-22.5928472200295,-20.5739169391344,-21.126959483129,-20.703107458287,-22.5223936594407,-21.8819452583306,-22.1300333020562
46.8,-24.1881177595477,-23.115119579831,-20.4483252139848,-24.1541033759095,-24.0264612834275,-21.5012622427886,-22.5889836033807,-20.5709730003539,-21.1238292078736,-20.6945002265914,-22.5236662758625,-21.8782922583257,-22.1333776735357
46.9,-24.1928096366023,-23.1099461808235,-20.4429002893585,-24.1468276769773,-24.0368391779223,-21.5017375437434,-22.5858474640662,-20.5687747372423,-21.1213542106217,-20.6866706810207,-22.5255804653437,-21.8753909028546,-22.1373892483056
47,-24.1982881575116,-23.105419069022,-20.4381668042116,-24.1403134770478,-24.0478984829883,-21.5029950129815,-22.5834418860357,-20.5673233140844,-21.119536360982,-20.6796185832512,-22.5281389358673,-21.8732410413401,-22.1420717602791
47.1,-24.2045577450577,-23.1015417717235,-20.4341230701507,-24.1345632884248,-24.0596470216066,-21.5050364631516,-22.5817699699254,-20.5666199006621,-21.1183775273972,-20.6733437256319,-22.5313441816389,-21.8718424137551,-22.1474289586404
47.2,-24.2116227841543,-23.0983177165011,-20.4307673732507,-24.12957958201,-24.0720926247197,-21.5078637065256,-22.5808348390662,-20.5666656770135,-21.1178795823546,-20.6678459346282,-22.5351984765136,-21.8711946535634,-22.1534646123195
47.3,-24.2194876325851,-23.0957502397534,-20.4280979751543,-24.1253647966852,-24.0852431386358,-21.511478561766,-22.5806396453895,-20.5674618381314,-21.1180444075378,-20.6631250741528,-22.5397038672576,-21.8712972912014,-22.1601825144525
47.4,-24.228156631508,-23.0938425951165,-20.4261131139337,-24.1219213484067,-24.0991064324616,-21.5158828606211,-22.5811875752341,-20.5690095986014,-21.1188738989167,-20.6591810487864,-22.5448621667275,-21.8721497581618,-22.1675864868293
47.5,-24.2376341157294,-23.092597961736,-20.4248110047098,-24.1192516390217,-24.1136904055671,-21.5210784545514,-22.5824818550591,-20.5713101971839,-21.1203699717803,-20.6560138068903,-22.5506749470669,-21.8737513917331,-22.1756803843315
47.6,-24.2479284295151,-23.0920227327006,-20.4241931690297,-24.117361881155,-24.1290066058482,-21.527071118741,-22.5845294479571,-20.5743686042995,-21.1225378524146,-20.6536271515545,-22.5571467530948,-21.8761051050874,-22.1844715197003
47.7,-24.2590439880093,-23.0921200057464,-20.4242577502781,-24.1162545085633,-24.1450631316273,-21.5338627917903,-22.5873337261496,-20.5781861398749,-21.1253795384918,-20.6520211290134,-22.5642786674835,-21.8792100511007,-22.1939638846908
47.8,-24.2709811824795,-23.0928895178887,-20.4249995575426,-24.1159281266932,-24.1618644475299,-21.5414515363634,-22.5908943966635,-20.5827604465933,-21.1288937567134,-20.6511920304151,-22.572068278948,-21.8830616496451,-22.2041580600115
47.9,-24.2837444219838,-23.0943342292222,-20.4264167147452,-24.1163851646373,-24.1794186513877,-21.5498393491785,-22.5952149037421,-20.5880929059642,-21.1330825500755,-20.6511400099114,-22.5805161256729,-21.8876589219272,-22.2150580787421
48,-24.2973381577758,-23.0964570648496,-20.4285073221942,-24.1176280778799,-24.1977339095599,-21.5590282790413,-22.6002987592334,-20.5941849459357,-21.1379480053829,-20.6518652795235,-22.5896224757036,-21.8930008306408,-22.2266680293345
48.1,-24.311766892366,-23.0992609222914,-20.431269455672,-24.1196593556323,-24.2168184647057,-21.5690204330917,-22.6061495478236,-20.6010380451662,-21.1434922579522,-20.6533681116316,-22.5993873232074,-21.8990862896938,-22.2389920600409
48.2,-24.3270351884155,-23.1027486787555,-20.4347011652506,-24.122481527957,-24.2366806436324,-21.5798179829964,-22.6127709322078,-20.6086537372526,-21.1497174962653,-20.6556488413625,-22.6098103858859,-21.9059141748754,-22.2520343833501
48.3,-24.3431476774718,-23.1069231982672,-20.4388004738307,-24.1260971726947,-24.257328865227,-21.5914231710924,-22.620166658203,-20.6170336149156,-21.1566259665771,-20.6587078688775,-22.6208911037644,-21.9134833354781,-22.2657992804364
48.4,-24.3601090685563,-23.1117873386622,-20.4435653753957,-24.130508922201,-24.2787716484797,-21.6038383164842,-22.6283405598088,-20.6261793341452,-21.1642199774788,-20.6625456615577,-22.6326286395956,-21.9217926068752,-22.2802911056231
48.5,-24.3779241566161,-23.1173439584457,-20.4489938329732,-24.135719469906,-24.3010176206099,-21.6170658210991,-22.6372965642216,-20.6360926183087,-21.1725019044196,-20.667162756087,-22.6450218811315,-21.9308408240477,-22.2955142908663
48.6,-24.3965978308502,-23.1235959235187,-20.4550837762949,-24.1417315767061,-24.324075525303,-21.6311081757033,-22.6470386968056,-20.646775262223,-21.181474194189,-20.6725597604312,-22.6580694455225,-21.9406268360408,-22.3114733502605
48.7,-24.4161350829214,-23.1305461137778,-20.4618330991466,-24.1485480771996,-24.3479542310704,-21.645967965887,-22.6575710860291,-20.6582291361946,-21.1911393693621,-20.6787373557109,-22.6717696861113,-21.9511495213198,-22.3281728845734
48.8,-24.4365410150673,-23.1381974295889,-20.4692396563967,-24.1561718857758,-24.3726627397422,-21.6616478780181,-22.6688979683683,-20.6704561900282,-21.2015000327127,-20.6856962979666,-22.6861207018908,-21.9624078039839,-22.3456175858102
48.9,-24.4578208481206,-23.1465527981405,-20.4773012606923,-24.1646060025698,-24.3982101951047,-21.6781507051748,-22.6810236931874,-20.683458457008,-21.2125588715949,-20.6934374198121,-22.7011203498951,-21.9744006707815,-22.3638122418154
49,-24.4799799294519,-23.155615179681,-20.4860156788117,-24.1738535192933,-24.4246058916968,-21.695479353059,-22.6939527275991,-20.6972380578542,-21.2243186622972,-20.7019616319739,-22.7167662607812,-21.9871271888618,-22.3827617409147
49.1,-24.5030237408481,-23.1653875736443,-20.4953806276577,-24.1839176249511,-24.4518592837758,-21.7136368458976,-22.7076896613109,-20.7117972046567,-21.2367822743735,-20.7112699247111,-22.7330558578513,-22.0005865241837,-22.4024710766033
49.2,-24.5269579063379,-23.1758730246677,-20.5053937698809,-24.1948016114568,-24.4799799944684,-21.7326263323382,-22.7222392114651,-20.7271382047887,-21.2499526749535,-20.7213633691117,-22.7499863797398,-22.0147779604918,-22.4229453522839
49.3,-24.5517881999787,-23.1870746285092,-20.516052709114,-24.2065088791559,-24.5089778251205,-21.7524510913446,-22.7376062274772,-20.7432634648048,-21.2638329330363,-20.7322431182602,-22.7675549069645,-22.0297009187584,-22.4441897860624
49.4,-24.577520553618,-23.1989955378679,-20.5273549848021,-24.219042942269,-24.5388627648616,-21.7731145380995,-22.7537956958788,-20.7601754943244,-21.2784262237709,-20.743910408268,-22.7857583925079,-22.0453549769824,-22.4662097156042
49.5,-24.6041610646415,-23.2116389681142,-20.5392980666118,-24.232407434265,-24.5696450004004,-21.794620229921,-22.7708127451735,-20.7778769099051,-21.2937358327286,-20.7563665591619,-22.8045936965447,-22.0617398902249,-22.4890106030588
49.6,-24.631716003724,-23.2250082029355,-20.5518793483977,-24.2466061131763,-24.601334926067,-21.816971872201,-22.7886626507083,-20.7963704389085,-21.3097651601707,-20.7696129756195,-22.8240576253888,-22.0788556107562,-22.512598040058
49.7,-24.660191822595,-23.2391065999037,-20.565096141707,-24.2616428668657,-24.6339431541222,-21.8401733243728,-22.8073508395727,-20.8156589233619,-21.3265177253154,-20.7836511475434,-22.8441469746633,-22.0967023081815,-22.5369777527944
49.8,-24.689595161834,-23.2539375959711,-20.5789456687981,-24.2775217182563,-24.6674805253507,-21.8642286059155,-22.8268828955259,-20.8357453238189,-21.3439971706092,-20.7984826504624,-22.864858576638,-22.115280389412,-22.5621556071864
49.9,-24.7199328587108,-23.2695047129005,-20.593425055152,-24.2942468305366,-24.7019581199595,-21.8891419024051,-22.8472645639647,-20.8566327232228,-21.3622072660074,-20.8141091457485,-22.8861893515964,-22.134590518342,-22.5881376141369
50,-24.7512119550841,-23.2858115626381,-20.6085313214468,-24.3118225123495,-24.7373872688019,-21.9149175716191,-22.8685017569362,-20.8783243307757,-21.3811519132682,-20.8305323806332,-22.9081363630184,-22.1546336350966,-22.6149299348932
